race_id,馬名,馬番,tags,comment
20260502_TOKYO_01,ロジザボード,5,"[{""label"": ""AI本命◎"", ""type"": ""good""}]",16頭立て中、AIによる総合指数は1位（スコア: 92.0）。本モデルが算出した各種ファクターの中で最も高い評価を獲得しており、今回のレースにおける絶対的な中心候補だ。鞍上は岩田康騎手が務める。極端な不利のない枠番から、馬の持ち味をどう引き出すか注目したい。
20260502_TOKYO_01,ハニーアンバー,7,"[{""label"": ""対抗○"", ""type"": ""good""}]",16頭立て中、AIによる総合指数は2位（スコア: 89.2）。指数トップの馬とはわずか2.8ポイント差に迫っており、展開の綾や枠順の利で十分に逆転可能な圏内にいる。鞍上は横山和騎手が務める。極端な不利のない枠番から、馬の持ち味をどう引き出すか注目したい。
20260502_TOKYO_01,トルマリンテソーロ,11,[],16頭立て中、AIによる総合指数は3位（スコア: 67.6）。上位馬と遜色ない能力スコアをマークしており、連軸やフォーメーションの2列目として馬券内に食い込むポテンシャルは極めて高い。鞍上は野中騎手が務める。極端な不利のない枠番から、馬の持ち味をどう引き出すか注目したい。
20260502_TOKYO_01,ミエスタ,1,"[{""label"": ""好枠(内)"", ""type"": ""neutral""}]",16頭立て中、AIによる総合指数は4位（スコア: 31.5）。上位馬と遜色ない能力スコアをマークしており、連軸やフォーメーションの2列目として馬券内に食い込むポテンシャルは極めて高い。内枠（1枠）を引き当てたことでロスなく立ち回れるのは大きなプラス材料。鞍上のルメール騎手がいかに内を捌いて導くかが勝負の分かれ目になりそうだ。
20260502_TOKYO_01,ホワイトオパール,9,"[{""label"": ""AI穴▲"", ""type"": ""good""}]",16頭立て中、AIによる総合指数は5位（スコア: 29.4）。トップとの指数差が62.6とやや開いており、能力だけでねじ伏せるには厳しい。上位進出には展開の助けや極端な馬場バイアスが必要になるだろう。鞍上は黛騎手が務める。極端な不利のない枠番から、馬の持ち味をどう引き出すか注目したい。
20260502_TOKYO_01,ミヤエスケープ,14,"[{""label"": ""外枠"", ""type"": ""neutral""}]",16頭立て中、AIによる総合指数は6位（スコア: 25.4）。トップとの指数差が66.6とやや開いており、能力だけでねじ伏せるには厳しい。上位進出には展開の助けや極端な馬場バイアスが必要になるだろう。外枠（7枠）に入ったことで距離ロスや展開の不利を受けるリスクがある。横山武騎手の手腕によるポジション取りがカギを握る。
20260502_TOKYO_01,アンジュブルー,3,"[{""label"": ""好枠(内)"", ""type"": ""neutral""}]",16頭立て中、AIによる総合指数は7位（スコア: 23.1）。トップとの指数差が68.9とやや開いており、能力だけでねじ伏せるには厳しい。上位進出には展開の助けや極端な馬場バイアスが必要になるだろう。内枠（2枠）を引き当てたことでロスなく立ち回れるのは大きなプラス材料。鞍上の木幡巧騎手がいかに内を捌いて導くかが勝負の分かれ目になりそうだ。
20260502_TOKYO_01,リワードシュテルン,12,[],16頭立て中、AIによる総合指数は8位（スコア: 21.6）。トップとの指数差が70.4とやや開いており、能力だけでねじ伏せるには厳しい。上位進出には展開の助けや極端な馬場バイアスが必要になるだろう。鞍上は横山典騎手が務める。極端な不利のない枠番から、馬の持ち味をどう引き出すか注目したい。
20260502_TOKYO_01,タマモチョコチップ,13,"[{""label"": ""外枠"", ""type"": ""neutral""}]",16頭立て中、AIによる総合指数は9位（スコア: 21.4）。トップとの指数差が70.6とやや開いており、能力だけでねじ伏せるには厳しい。上位進出には展開の助けや極端な馬場バイアスが必要になるだろう。外枠（7枠）に入ったことで距離ロスや展開の不利を受けるリスクがある。原騎手の手腕によるポジション取りがカギを握る。
20260502_TOKYO_01,マーマレードスカイ,2,"[{""label"": ""好枠(内)"", ""type"": ""neutral""}]",16頭立て中、AIによる総合指数は10位（スコア: 21.3）。トップとの指数差が70.7とやや開いており、能力だけでねじ伏せるには厳しい。上位進出には展開の助けや極端な馬場バイアスが必要になるだろう。内枠（1枠）を引き当てたことでロスなく立ち回れるのは大きなプラス材料。鞍上の松岡騎手がいかに内を捌いて導くかが勝負の分かれ目になりそうだ。
20260502_TOKYO_01,ホウオウロレンシア,15,"[{""label"": ""外枠"", ""type"": ""neutral""}]",16頭立て中、AIによる総合指数は11位（スコア: 20.4）。トップとの指数差が71.6とやや開いており、能力だけでねじ伏せるには厳しい。上位進出には展開の助けや極端な馬場バイアスが必要になるだろう。外枠（8枠）に入ったことで距離ロスや展開の不利を受けるリスクがある。高杉騎手の手腕によるポジション取りがカギを握る。
20260502_TOKYO_01,コウユーニポポニコ,10,[],16頭立て中、AIによる総合指数は12位（スコア: 20.2）。トップとの指数差が71.8とやや開いており、能力だけでねじ伏せるには厳しい。上位進出には展開の助けや極端な馬場バイアスが必要になるだろう。鞍上は▲石田騎手が務める。極端な不利のない枠番から、馬の持ち味をどう引き出すか注目したい。
20260502_TOKYO_01,プレシャスフェザー,8,[],16頭立て中、AIによる総合指数は13位（スコア: 20.0）。トップとの指数差が72.0とやや開いており、能力だけでねじ伏せるには厳しい。上位進出には展開の助けや極端な馬場バイアスが必要になるだろう。鞍上は石橋脩騎手が務める。極端な不利のない枠番から、馬の持ち味をどう引き出すか注目したい。
20260502_TOKYO_01,ジェイエルグリーン,6,[],16頭立て中、AIによる総合指数は14位（スコア: 20.0）。トップとの指数差が72.0とやや開いており、能力だけでねじ伏せるには厳しい。上位進出には展開の助けや極端な馬場バイアスが必要になるだろう。鞍上は△長浜騎手が務める。極端な不利のない枠番から、馬の持ち味をどう引き出すか注目したい。
20260502_TOKYO_01,ワンダーパリエンス,4,"[{""label"": ""好枠(内)"", ""type"": ""neutral""}]",16頭立て中、AIによる総合指数は15位（スコア: 20.0）。トップとの指数差が72.0とやや開いており、能力だけでねじ伏せるには厳しい。上位進出には展開の助けや極端な馬場バイアスが必要になるだろう。内枠（2枠）を引き当てたことでロスなく立ち回れるのは大きなプラス材料。鞍上の柴田大騎手がいかに内を捌いて導くかが勝負の分かれ目になりそうだ。
20260502_TOKYO_01,リナクィーンアスク,16,"[{""label"": ""外枠"", ""type"": ""neutral""}]",16頭立て中、AIによる総合指数は16位（スコア: 20.0）。トップとの指数差が72.0とやや開いており、能力だけでねじ伏せるには厳しい。上位進出には展開の助けや極端な馬場バイアスが必要になるだろう。外枠（8枠）に入ったことで距離ロスや展開の不利を受けるリスクがある。西塚騎手の手腕によるポジション取りがカギを握る。
20260502_TOKYO_02,プレースメント,3,"[{""label"": ""AI本命◎"", ""type"": ""good""}, {""label"": ""過剰人気"", ""type"": ""bad""}]",14頭立て中、AIによる総合指数は1位（スコア: 92.0）。本モデルが算出した各種ファクターの中で最も高い評価を獲得しており、今回のレースにおける絶対的な中心候補だ。単勝2.8倍と世間の人気は一本被りしているが、AIの勝率評価は0.3%と辛口。期待値の観点からは過剰人気気味であり、配当妙味を考えると少し疑ってかかりたい存在だ。鞍上はルメール騎手が務める。極端な不利のない枠番から、馬の持ち味をどう引き出すか注目したい。
20260502_TOKYO_02,フッカツノジャンボ,2,"[{""label"": ""対抗○"", ""type"": ""good""}, {""label"": ""好枠(内)"", ""type"": ""neutral""}]",14頭立て中、AIによる総合指数は2位（スコア: 64.4）。指数トップの馬とはわずか27.6ポイント差に迫っており、展開の綾や枠順の利で十分に逆転可能な圏内にいる。内枠（2枠）を引き当てたことでロスなく立ち回れるのは大きなプラス材料。鞍上の木幡巧騎手がいかに内を捌いて導くかが勝負の分かれ目になりそうだ。
20260502_TOKYO_02,ウインビギニング,5,"[{""label"": ""過剰人気"", ""type"": ""bad""}]",14頭立て中、AIによる総合指数は3位（スコア: 37.3）。上位馬と遜色ない能力スコアをマークしており、連軸やフォーメーションの2列目として馬券内に食い込むポテンシャルは極めて高い。単勝1.4倍と世間の人気は一本被りしているが、AIの勝率評価は0.6%と辛口。期待値の観点からは過剰人気気味であり、配当妙味を考えると少し疑ってかかりたい存在だ。鞍上はレーン騎手が務める。極端な不利のない枠番から、馬の持ち味をどう引き出すか注目したい。
20260502_TOKYO_02,コーディアリティ,11,"[{""label"": ""外枠"", ""type"": ""neutral""}]",14頭立て中、AIによる総合指数は4位（スコア: 29.0）。上位馬と遜色ない能力スコアをマークしており、連軸やフォーメーションの2列目として馬券内に食い込むポテンシャルは極めて高い。外枠（7枠）に入ったことで距離ロスや展開の不利を受けるリスクがある。ディー騎手の手腕によるポジション取りがカギを握る。
20260502_TOKYO_02,リバーブレーション,1,"[{""label"": ""好枠(内)"", ""type"": ""neutral""}]",14頭立て中、AIによる総合指数は5位（スコア: 28.1）。トップとの指数差が63.9とやや開いており、能力だけでねじ伏せるには厳しい。上位進出には展開の助けや極端な馬場バイアスが必要になるだろう。内枠（1枠）を引き当てたことでロスなく立ち回れるのは大きなプラス材料。鞍上の△長浜騎手がいかに内を捌いて導くかが勝負の分かれ目になりそうだ。
20260502_TOKYO_02,ツインドライヴ,14,"[{""label"": ""外枠"", ""type"": ""neutral""}]",14頭立て中、AIによる総合指数は6位（スコア: 27.3）。トップとの指数差が64.7とやや開いており、能力だけでねじ伏せるには厳しい。上位進出には展開の助けや極端な馬場バイアスが必要になるだろう。外枠（8枠）に入ったことで距離ロスや展開の不利を受けるリスクがある。▲石田騎手の手腕によるポジション取りがカギを握る。
20260502_TOKYO_02,ユイノスレチガイ,9,[],14頭立て中、AIによる総合指数は7位（スコア: 26.2）。トップとの指数差が65.8とやや開いており、能力だけでねじ伏せるには厳しい。上位進出には展開の助けや極端な馬場バイアスが必要になるだろう。鞍上は田辺騎手が務める。極端な不利のない枠番から、馬の持ち味をどう引き出すか注目したい。
20260502_TOKYO_02,コーリンクレア,4,[],14頭立て中、AIによる総合指数は8位（スコア: 25.4）。トップとの指数差が66.6とやや開いており、能力だけでねじ伏せるには厳しい。上位進出には展開の助けや極端な馬場バイアスが必要になるだろう。鞍上は石橋脩騎手が務める。極端な不利のない枠番から、馬の持ち味をどう引き出すか注目したい。
20260502_TOKYO_02,ウィリーズロック,13,"[{""label"": ""外枠"", ""type"": ""neutral""}]",14頭立て中、AIによる総合指数は9位（スコア: 24.3）。トップとの指数差が67.7とやや開いており、能力だけでねじ伏せるには厳しい。上位進出には展開の助けや極端な馬場バイアスが必要になるだろう。外枠（8枠）に入ったことで距離ロスや展開の不利を受けるリスクがある。原騎手の手腕によるポジション取りがカギを握る。
20260502_TOKYO_02,アミナス,7,[],14頭立て中、AIによる総合指数は10位（スコア: 24.2）。トップとの指数差が67.8とやや開いており、能力だけでねじ伏せるには厳しい。上位進出には展開の助けや極端な馬場バイアスが必要になるだろう。鞍上は岩田康騎手が務める。極端な不利のない枠番から、馬の持ち味をどう引き出すか注目したい。
20260502_TOKYO_02,ベリルスフィア,6,"[{""label"": ""AI穴▲"", ""type"": ""good""}]",14頭立て中、AIによる総合指数は11位（スコア: 20.4）。トップとの指数差が71.6とやや開いており、能力だけでねじ伏せるには厳しい。上位進出には展開の助けや極端な馬場バイアスが必要になるだろう。鞍上は佐々木騎手が務める。極端な不利のない枠番から、馬の持ち味をどう引き出すか注目したい。
20260502_TOKYO_02,ダズルオーロラ,8,[],14頭立て中、AIによる総合指数は12位（スコア: 20.4）。トップとの指数差が71.6とやや開いており、能力だけでねじ伏せるには厳しい。上位進出には展開の助けや極端な馬場バイアスが必要になるだろう。鞍上は小林脩騎手が務める。極端な不利のない枠番から、馬の持ち味をどう引き出すか注目したい。
20260502_TOKYO_02,スチールナイト,12,"[{""label"": ""外枠"", ""type"": ""neutral""}]",14頭立て中、AIによる総合指数は13位（スコア: 20.3）。トップとの指数差が71.7とやや開いており、能力だけでねじ伏せるには厳しい。上位進出には展開の助けや極端な馬場バイアスが必要になるだろう。外枠（7枠）に入ったことで距離ロスや展開の不利を受けるリスクがある。黛騎手の手腕によるポジション取りがカギを握る。
20260502_TOKYO_02,パワポケグッド,10,[],14頭立て中、AIによる総合指数は14位（スコア: 20.0）。トップとの指数差が72.0とやや開いており、能力だけでねじ伏せるには厳しい。上位進出には展開の助けや極端な馬場バイアスが必要になるだろう。鞍上は小林凌騎手が務める。極端な不利のない枠番から、馬の持ち味をどう引き出すか注目したい。
20260502_TOKYO_03,ブルーフレア,9,"[{""label"": ""AI本命◎"", ""type"": ""good""}]",9頭立て中、AIによる総合指数は1位（スコア: 92.0）。本モデルが算出した各種ファクターの中で最も高い評価を獲得しており、今回のレースにおける絶対的な中心候補だ。鞍上は大野騎手が務める。極端な不利のない枠番から、馬の持ち味をどう引き出すか注目したい。
20260502_TOKYO_03,ナウオアネヴァー,7,"[{""label"": ""対抗○"", ""type"": ""good""}, {""label"": ""過剰人気"", ""type"": ""bad""}]",9頭立て中、AIによる総合指数は2位（スコア: 73.5）。指数トップの馬とはわずか18.5ポイント差に迫っており、展開の綾や枠順の利で十分に逆転可能な圏内にいる。単勝2.8倍と世間の人気は一本被りしているが、AIの勝率評価は0.3%と辛口。期待値の観点からは過剰人気気味であり、配当妙味を考えると少し疑ってかかりたい存在だ。鞍上は川又騎手が務める。極端な不利のない枠番から、馬の持ち味をどう引き出すか注目したい。
20260502_TOKYO_03,リオンサーガ,3,"[{""label"": ""AI穴▲"", ""type"": ""good""}]",9頭立て中、AIによる総合指数は3位（スコア: 46.3）。上位馬と遜色ない能力スコアをマークしており、連軸やフォーメーションの2列目として馬券内に食い込むポテンシャルは極めて高い。鞍上は高杉騎手が務める。極端な不利のない枠番から、馬の持ち味をどう引き出すか注目したい。
20260502_TOKYO_03,キングオブストーム,4,[],9頭立て中、AIによる総合指数は4位（スコア: 41.9）。上位馬と遜色ない能力スコアをマークしており、連軸やフォーメーションの2列目として馬券内に食い込むポテンシャルは極めて高い。鞍上は△長浜騎手が務める。極端な不利のない枠番から、馬の持ち味をどう引き出すか注目したい。
20260502_TOKYO_03,アイムスティルミー,1,[],9頭立て中、AIによる総合指数は5位（スコア: 34.5）。トップとの指数差が57.5とやや開いており、能力だけでねじ伏せるには厳しい。上位進出には展開の助けや極端な馬場バイアスが必要になるだろう。内枠（1枠）を引き当てたことでロスなく立ち回れるのは大きなプラス材料。鞍上の江田照騎手がいかに内を捌いて導くかが勝負の分かれ目になりそうだ。
20260502_TOKYO_03,タニセンローマ,5,[],9頭立て中、AIによる総合指数は6位（スコア: 26.3）。トップとの指数差が65.7とやや開いており、能力だけでねじ伏せるには厳しい。上位進出には展開の助けや極端な馬場バイアスが必要になるだろう。鞍上は岩田康騎手が務める。極端な不利のない枠番から、馬の持ち味をどう引き出すか注目したい。
20260502_TOKYO_03,オーキッドワン,2,[],9頭立て中、AIによる総合指数は7位（スコア: 23.1）。トップとの指数差が68.9とやや開いており、能力だけでねじ伏せるには厳しい。上位進出には展開の助けや極端な馬場バイアスが必要になるだろう。内枠（2枠）を引き当てたことでロスなく立ち回れるのは大きなプラス材料。鞍上の柴田大騎手がいかに内を捌いて導くかが勝負の分かれ目になりそうだ。
20260502_TOKYO_03,ニシノモリミチ,6,[],9頭立て中、AIによる総合指数は8位（スコア: 22.3）。トップとの指数差が69.7とやや開いており、能力だけでねじ伏せるには厳しい。上位進出には展開の助けや極端な馬場バイアスが必要になるだろう。鞍上は横山武騎手が務める。極端な不利のない枠番から、馬の持ち味をどう引き出すか注目したい。
20260502_TOKYO_03,クアッドフォルツァ,8,[],9頭立て中、AIによる総合指数は9位（スコア: 20.0）。トップとの指数差が72.0とやや開いており、能力だけでねじ伏せるには厳しい。上位進出には展開の助けや極端な馬場バイアスが必要になるだろう。鞍上はディー騎手が務める。極端な不利のない枠番から、馬の持ち味をどう引き出すか注目したい。
20260502_TOKYO_04,スワーヴマルス,6,"[{""label"": ""AI本命◎"", ""type"": ""good""}]",10頭立て中、AIによる総合指数は1位（スコア: 92.0）。本モデルが算出した各種ファクターの中で最も高い評価を獲得しており、今回のレースにおける絶対的な中心候補だ。鞍上は武豊騎手が務める。極端な不利のない枠番から、馬の持ち味をどう引き出すか注目したい。
20260502_TOKYO_04,サトノスターライト,2,"[{""label"": ""対抗○"", ""type"": ""good""}]",10頭立て中、AIによる総合指数は2位（スコア: 64.4）。指数トップの馬とはわずか27.6ポイント差に迫っており、展開の綾や枠順の利で十分に逆転可能な圏内にいる。内枠（2枠）を引き当てたことでロスなく立ち回れるのは大きなプラス材料。鞍上の大野騎手がいかに内を捌いて導くかが勝負の分かれ目になりそうだ。
20260502_TOKYO_04,シーラス,1,"[{""label"": ""過剰人気"", ""type"": ""bad""}]",10頭立て中、AIによる総合指数は3位（スコア: 38.7）。上位馬と遜色ない能力スコアをマークしており、連軸やフォーメーションの2列目として馬券内に食い込むポテンシャルは極めて高い。単勝2.2倍と世間の人気は一本被りしているが、AIの勝率評価は0.4%と辛口。期待値の観点からは過剰人気気味であり、配当妙味を考えると少し疑ってかかりたい存在だ。内枠（1枠）を引き当てたことでロスなく立ち回れるのは大きなプラス材料。鞍上のレーン騎手がいかに内を捌いて導くかが勝負の分かれ目になりそうだ。
20260502_TOKYO_04,ピコペアシェイプ,8,[],10頭立て中、AIによる総合指数は4位（スコア: 24.6）。上位馬と遜色ない能力スコアをマークしており、連軸やフォーメーションの2列目として馬券内に食い込むポテンシャルは極めて高い。鞍上は北村宏騎手が務める。極端な不利のない枠番から、馬の持ち味をどう引き出すか注目したい。
20260502_TOKYO_04,エバーシャンティ,5,[],10頭立て中、AIによる総合指数は5位（スコア: 23.3）。トップとの指数差が68.7とやや開いており、能力だけでねじ伏せるには厳しい。上位進出には展開の助けや極端な馬場バイアスが必要になるだろう。鞍上は戸崎圭騎手が務める。極端な不利のない枠番から、馬の持ち味をどう引き出すか注目したい。
20260502_TOKYO_04,タイドグラフ,10,[],10頭立て中、AIによる総合指数は6位（スコア: 22.5）。トップとの指数差が69.5とやや開いており、能力だけでねじ伏せるには厳しい。上位進出には展開の助けや極端な馬場バイアスが必要になるだろう。鞍上は横山武騎手が務める。極端な不利のない枠番から、馬の持ち味をどう引き出すか注目したい。
20260502_TOKYO_04,ブルーリファール,4,[],10頭立て中、AIによる総合指数は7位（スコア: 22.0）。トップとの指数差が70.0とやや開いており、能力だけでねじ伏せるには厳しい。上位進出には展開の助けや極端な馬場バイアスが必要になるだろう。鞍上は石橋脩騎手が務める。極端な不利のない枠番から、馬の持ち味をどう引き出すか注目したい。
20260502_TOKYO_04,コスモアマデウス,3,[],10頭立て中、AIによる総合指数は8位（スコア: 21.0）。トップとの指数差が71.0とやや開いており、能力だけでねじ伏せるには厳しい。上位進出には展開の助けや極端な馬場バイアスが必要になるだろう。鞍上は柴田大騎手が務める。極端な不利のない枠番から、馬の持ち味をどう引き出すか注目したい。
20260502_TOKYO_04,カキュウ,7,"[{""label"": ""AI穴▲"", ""type"": ""good""}]",10頭立て中、AIによる総合指数は9位（スコア: 20.0）。トップとの指数差が72.0とやや開いており、能力だけでねじ伏せるには厳しい。上位進出には展開の助けや極端な馬場バイアスが必要になるだろう。鞍上は西塚騎手が務める。極端な不利のない枠番から、馬の持ち味をどう引き出すか注目したい。
20260502_TOKYO_04,トップオブザキング,9,[],10頭立て中、AIによる総合指数は10位（スコア: 20.0）。トップとの指数差が72.0とやや開いており、能力だけでねじ伏せるには厳しい。上位進出には展開の助けや極端な馬場バイアスが必要になるだろう。鞍上は▲石田騎手が務める。極端な不利のない枠番から、馬の持ち味をどう引き出すか注目したい。
20260502_TOKYO_05,イージーライダー,4,"[{""label"": ""AI本命◎"", ""type"": ""good""}, {""label"": ""好枠(内)"", ""type"": ""neutral""}]",18頭立て中、AIによる総合指数は1位（スコア: 92.0）。本モデルが算出した各種ファクターの中で最も高い評価を獲得しており、今回のレースにおける絶対的な中心候補だ。内枠（2枠）を引き当てたことでロスなく立ち回れるのは大きなプラス材料。鞍上の戸崎圭騎手がいかに内を捌いて導くかが勝負の分かれ目になりそうだ。
20260502_TOKYO_05,フェルミアーク,3,"[{""label"": ""対抗○"", ""type"": ""good""}, {""label"": ""好枠(内)"", ""type"": ""neutral""}]",18頭立て中、AIによる総合指数は2位（スコア: 72.2）。指数トップの馬とはわずか19.8ポイント差に迫っており、展開の綾や枠順の利で十分に逆転可能な圏内にいる。内枠（2枠）を引き当てたことでロスなく立ち回れるのは大きなプラス材料。鞍上のルメール騎手がいかに内を捌いて導くかが勝負の分かれ目になりそうだ。
20260502_TOKYO_05,ザバルガド,11,[],18頭立て中、AIによる総合指数は3位（スコア: 66.5）。上位馬と遜色ない能力スコアをマークしており、連軸やフォーメーションの2列目として馬券内に食い込むポテンシャルは極めて高い。鞍上は△長浜騎手が務める。極端な不利のない枠番から、馬の持ち味をどう引き出すか注目したい。
20260502_TOKYO_05,サムハラ,16,"[{""label"": ""外枠"", ""type"": ""neutral""}]",18頭立て中、AIによる総合指数は4位（スコア: 62.9）。上位馬と遜色ない能力スコアをマークしており、連軸やフォーメーションの2列目として馬券内に食い込むポテンシャルは極めて高い。外枠（8枠）に入ったことで距離ロスや展開の不利を受けるリスクがある。▲石田騎手の手腕によるポジション取りがカギを握る。
20260502_TOKYO_05,ファンシーズ,1,"[{""label"": ""AI穴▲"", ""type"": ""good""}, {""label"": ""好枠(内)"", ""type"": ""neutral""}]",18頭立て中、AIによる総合指数は5位（スコア: 61.8）。トップとの指数差が30.2とやや開いており、能力だけでねじ伏せるには厳しい。上位進出には展開の助けや極端な馬場バイアスが必要になるだろう。内枠（1枠）を引き当てたことでロスなく立ち回れるのは大きなプラス材料。鞍上の田辺騎手がいかに内を捌いて導くかが勝負の分かれ目になりそうだ。
20260502_TOKYO_05,ノボリフジ,14,"[{""label"": ""外枠"", ""type"": ""neutral""}]",18頭立て中、AIによる総合指数は6位（スコア: 42.6）。トップとの指数差が49.4とやや開いており、能力だけでねじ伏せるには厳しい。上位進出には展開の助けや極端な馬場バイアスが必要になるだろう。外枠（7枠）に入ったことで距離ロスや展開の不利を受けるリスクがある。松岡騎手の手腕によるポジション取りがカギを握る。
20260502_TOKYO_05,レオアジャイル,6,[],18頭立て中、AIによる総合指数は7位（スコア: 42.5）。トップとの指数差が49.5とやや開いており、能力だけでねじ伏せるには厳しい。上位進出には展開の助けや極端な馬場バイアスが必要になるだろう。鞍上は武豊騎手が務める。極端な不利のない枠番から、馬の持ち味をどう引き出すか注目したい。
20260502_TOKYO_05,グロリアスマーチ,15,"[{""label"": ""外枠"", ""type"": ""neutral""}]",18頭立て中、AIによる総合指数は8位（スコア: 33.6）。トップとの指数差が58.4とやや開いており、能力だけでねじ伏せるには厳しい。上位進出には展開の助けや極端な馬場バイアスが必要になるだろう。外枠（7枠）に入ったことで距離ロスや展開の不利を受けるリスクがある。佐々木騎手の手腕によるポジション取りがカギを握る。
20260502_TOKYO_05,イヌボウノウタゴエ,9,[],18頭立て中、AIによる総合指数は9位（スコア: 24.5）。トップとの指数差が67.5とやや開いており、能力だけでねじ伏せるには厳しい。上位進出には展開の助けや極端な馬場バイアスが必要になるだろう。鞍上は横山武騎手が務める。極端な不利のない枠番から、馬の持ち味をどう引き出すか注目したい。
20260502_TOKYO_05,サンデースマッシュ,10,[],18頭立て中、AIによる総合指数は10位（スコア: 22.0）。トップとの指数差が70.0とやや開いており、能力だけでねじ伏せるには厳しい。上位進出には展開の助けや極端な馬場バイアスが必要になるだろう。鞍上はレーン騎手が務める。極端な不利のない枠番から、馬の持ち味をどう引き出すか注目したい。
20260502_TOKYO_05,シャルトル,5,[],18頭立て中、AIによる総合指数は11位（スコア: 21.8）。トップとの指数差が70.2とやや開いており、能力だけでねじ伏せるには厳しい。上位進出には展開の助けや極端な馬場バイアスが必要になるだろう。鞍上は三浦騎手が務める。極端な不利のない枠番から、馬の持ち味をどう引き出すか注目したい。
20260502_TOKYO_05,ピエドゥラパン,12,[],18頭立て中、AIによる総合指数は12位（スコア: 21.8）。トップとの指数差が70.2とやや開いており、能力だけでねじ伏せるには厳しい。上位進出には展開の助けや極端な馬場バイアスが必要になるだろう。鞍上は津村騎手が務める。極端な不利のない枠番から、馬の持ち味をどう引き出すか注目したい。
20260502_TOKYO_05,スミッコディスコ,8,[],18頭立て中、AIによる総合指数は13位（スコア: 21.8）。トップとの指数差が70.2とやや開いており、能力だけでねじ伏せるには厳しい。上位進出には展開の助けや極端な馬場バイアスが必要になるだろう。鞍上は横山和騎手が務める。極端な不利のない枠番から、馬の持ち味をどう引き出すか注目したい。
20260502_TOKYO_05,タイキプレジール,18,"[{""label"": ""外枠"", ""type"": ""neutral""}]",18頭立て中、AIによる総合指数は14位（スコア: 21.1）。トップとの指数差が70.9とやや開いており、能力だけでねじ伏せるには厳しい。上位進出には展開の助けや極端な馬場バイアスが必要になるだろう。外枠（8枠）に入ったことで距離ロスや展開の不利を受けるリスクがある。石橋脩騎手の手腕によるポジション取りがカギを握る。
20260502_TOKYO_05,ラベンダーヘイズ,17,"[{""label"": ""外枠"", ""type"": ""neutral""}]",18頭立て中、AIによる総合指数は15位（スコア: 20.8）。トップとの指数差が71.2とやや開いており、能力だけでねじ伏せるには厳しい。上位進出には展開の助けや極端な馬場バイアスが必要になるだろう。外枠（8枠）に入ったことで距離ロスや展開の不利を受けるリスクがある。木幡巧騎手の手腕によるポジション取りがカギを握る。
20260502_TOKYO_05,テルケンレンスキー,13,"[{""label"": ""外枠"", ""type"": ""neutral""}]",18頭立て中、AIによる総合指数は16位（スコア: 20.5）。トップとの指数差が71.5とやや開いており、能力だけでねじ伏せるには厳しい。上位進出には展開の助けや極端な馬場バイアスが必要になるだろう。外枠（7枠）に入ったことで距離ロスや展開の不利を受けるリスクがある。大野騎手の手腕によるポジション取りがカギを握る。
20260502_TOKYO_05,スタートレイン,7,[],18頭立て中、AIによる総合指数は17位（スコア: 20.3）。トップとの指数差が71.7とやや開いており、能力だけでねじ伏せるには厳しい。上位進出には展開の助けや極端な馬場バイアスが必要になるだろう。鞍上は原騎手が務める。極端な不利のない枠番から、馬の持ち味をどう引き出すか注目したい。
20260502_TOKYO_05,フレンドモナコ,2,"[{""label"": ""好枠(内)"", ""type"": ""neutral""}]",18頭立て中、AIによる総合指数は18位（スコア: 20.0）。トップとの指数差が72.0とやや開いており、能力だけでねじ伏せるには厳しい。上位進出には展開の助けや極端な馬場バイアスが必要になるだろう。内枠（1枠）を引き当てたことでロスなく立ち回れるのは大きなプラス材料。鞍上の★谷原騎手がいかに内を捌いて導くかが勝負の分かれ目になりそうだ。
20260502_TOKYO_06,リボサンテ,7,"[{""label"": ""AI本命◎"", ""type"": ""good""}, {""label"": ""過剰人気"", ""type"": ""bad""}]",7頭立て中、AIによる総合指数は1位（スコア: 92.0）。本モデルが算出した各種ファクターの中で最も高い評価を獲得しており、今回のレースにおける絶対的な中心候補だ。単勝2.0倍と世間の人気は一本被りしているが、AIの勝率評価は0.4%と辛口。期待値の観点からは過剰人気気味であり、配当妙味を考えると少し疑ってかかりたい存在だ。鞍上は武豊騎手が務める。極端な不利のない枠番から、馬の持ち味をどう引き出すか注目したい。
20260502_TOKYO_06,ノクターン,6,"[{""label"": ""対抗○"", ""type"": ""good""}, {""label"": ""過剰人気"", ""type"": ""bad""}]",7頭立て中、AIによる総合指数は2位（スコア: 66.8）。指数トップの馬とはわずか25.2ポイント差に迫っており、展開の綾や枠順の利で十分に逆転可能な圏内にいる。単勝1.7倍と世間の人気は一本被りしているが、AIの勝率評価は0.5%と辛口。期待値の観点からは過剰人気気味であり、配当妙味を考えると少し疑ってかかりたい存在だ。鞍上はルメール騎手が務める。極端な不利のない枠番から、馬の持ち味をどう引き出すか注目したい。
20260502_TOKYO_06,オプレントジュエル,4,[],7頭立て中、AIによる総合指数は3位（スコア: 45.0）。上位馬と遜色ない能力スコアをマークしており、連軸やフォーメーションの2列目として馬券内に食い込むポテンシャルは極めて高い。鞍上は三浦騎手が務める。極端な不利のない枠番から、馬の持ち味をどう引き出すか注目したい。
20260502_TOKYO_06,シャンドゥレール,1,"[{""label"": ""AI穴▲"", ""type"": ""good""}]",7頭立て中、AIによる総合指数は4位（スコア: 29.7）。上位馬と遜色ない能力スコアをマークしており、連軸やフォーメーションの2列目として馬券内に食い込むポテンシャルは極めて高い。内枠（1枠）を引き当てたことでロスなく立ち回れるのは大きなプラス材料。鞍上の横山和騎手がいかに内を捌いて導くかが勝負の分かれ目になりそうだ。
20260502_TOKYO_06,ポッポノフェスタ,3,[],7頭立て中、AIによる総合指数は5位（スコア: 21.9）。トップとの指数差が70.1とやや開いており、能力だけでねじ伏せるには厳しい。上位進出には展開の助けや極端な馬場バイアスが必要になるだろう。鞍上は西村太騎手が務める。極端な不利のない枠番から、馬の持ち味をどう引き出すか注目したい。
20260502_TOKYO_06,チャイボーグ,2,[],7頭立て中、AIによる総合指数は6位（スコア: 21.5）。トップとの指数差が70.5とやや開いており、能力だけでねじ伏せるには厳しい。上位進出には展開の助けや極端な馬場バイアスが必要になるだろう。内枠（2枠）を引き当てたことでロスなく立ち回れるのは大きなプラス材料。鞍上の野中騎手がいかに内を捌いて導くかが勝負の分かれ目になりそうだ。
20260502_TOKYO_06,ウーバーストロング,5,[],7頭立て中、AIによる総合指数は7位（スコア: 20.0）。トップとの指数差が72.0とやや開いており、能力だけでねじ伏せるには厳しい。上位進出には展開の助けや極端な馬場バイアスが必要になるだろう。鞍上は木幡育騎手が務める。極端な不利のない枠番から、馬の持ち味をどう引き出すか注目したい。
20260502_TOKYO_07,ショウナンタハティ,13,"[{""label"": ""AI本命◎"", ""type"": ""good""}, {""label"": ""外枠"", ""type"": ""neutral""}]",16頭立て中、AIによる総合指数は1位（スコア: 92.0）。本モデルが算出した各種ファクターの中で最も高い評価を獲得しており、今回のレースにおける絶対的な中心候補だ。外枠（7枠）に入ったことで距離ロスや展開の不利を受けるリスクがある。津村騎手の手腕によるポジション取りがカギを握る。
20260502_TOKYO_07,カフェブーケット,11,"[{""label"": ""対抗○"", ""type"": ""good""}]",16頭立て中、AIによる総合指数は2位（スコア: 70.9）。指数トップの馬とはわずか21.1ポイント差に迫っており、展開の綾や枠順の利で十分に逆転可能な圏内にいる。鞍上は横山典騎手が務める。極端な不利のない枠番から、馬の持ち味をどう引き出すか注目したい。
20260502_TOKYO_07,ソナタン,3,"[{""label"": ""好枠(内)"", ""type"": ""neutral""}]",16頭立て中、AIによる総合指数は3位（スコア: 53.3）。上位馬と遜色ない能力スコアをマークしており、連軸やフォーメーションの2列目として馬券内に食い込むポテンシャルは極めて高い。内枠（2枠）を引き当てたことでロスなく立ち回れるのは大きなプラス材料。鞍上の戸崎圭騎手がいかに内を捌いて導くかが勝負の分かれ目になりそうだ。
20260502_TOKYO_07,ブライトビギニング,16,"[{""label"": ""外枠"", ""type"": ""neutral""}]",16頭立て中、AIによる総合指数は4位（スコア: 52.0）。上位馬と遜色ない能力スコアをマークしており、連軸やフォーメーションの2列目として馬券内に食い込むポテンシャルは極めて高い。外枠（8枠）に入ったことで距離ロスや展開の不利を受けるリスクがある。佐々木騎手の手腕によるポジション取りがカギを握る。
20260502_TOKYO_07,トウタツ,8,[],16頭立て中、AIによる総合指数は5位（スコア: 49.6）。トップとの指数差が42.4とやや開いており、能力だけでねじ伏せるには厳しい。上位進出には展開の助けや極端な馬場バイアスが必要になるだろう。鞍上は高杉騎手が務める。極端な不利のない枠番から、馬の持ち味をどう引き出すか注目したい。
20260502_TOKYO_07,ドリーミングアップ,15,"[{""label"": ""外枠"", ""type"": ""neutral""}]",16頭立て中、AIによる総合指数は6位（スコア: 49.4）。トップとの指数差が42.6とやや開いており、能力だけでねじ伏せるには厳しい。上位進出には展開の助けや極端な馬場バイアスが必要になるだろう。外枠（8枠）に入ったことで距離ロスや展開の不利を受けるリスクがある。吉田豊騎手の手腕によるポジション取りがカギを握る。
20260502_TOKYO_07,リプレゼント,2,"[{""label"": ""好枠(内)"", ""type"": ""neutral""}]",16頭立て中、AIによる総合指数は7位（スコア: 47.8）。トップとの指数差が44.2とやや開いており、能力だけでねじ伏せるには厳しい。上位進出には展開の助けや極端な馬場バイアスが必要になるだろう。内枠（1枠）を引き当てたことでロスなく立ち回れるのは大きなプラス材料。鞍上の横山武騎手がいかに内を捌いて導くかが勝負の分かれ目になりそうだ。
20260502_TOKYO_07,キョウエイスレーヴ,12,[],16頭立て中、AIによる総合指数は8位（スコア: 44.8）。トップとの指数差が47.2とやや開いており、能力だけでねじ伏せるには厳しい。上位進出には展開の助けや極端な馬場バイアスが必要になるだろう。鞍上は△長浜騎手が務める。極端な不利のない枠番から、馬の持ち味をどう引き出すか注目したい。
20260502_TOKYO_07,グルーヴィーオン,9,[],16頭立て中、AIによる総合指数は9位（スコア: 29.8）。トップとの指数差が62.2とやや開いており、能力だけでねじ伏せるには厳しい。上位進出には展開の助けや極端な馬場バイアスが必要になるだろう。鞍上は原騎手が務める。極端な不利のない枠番から、馬の持ち味をどう引き出すか注目したい。
20260502_TOKYO_07,ハルノアラシ,10,[],16頭立て中、AIによる総合指数は10位（スコア: 26.5）。トップとの指数差が65.5とやや開いており、能力だけでねじ伏せるには厳しい。上位進出には展開の助けや極端な馬場バイアスが必要になるだろう。鞍上は荻野極騎手が務める。極端な不利のない枠番から、馬の持ち味をどう引き出すか注目したい。
20260502_TOKYO_07,キカオクベシ,1,"[{""label"": ""好枠(内)"", ""type"": ""neutral""}]",16頭立て中、AIによる総合指数は11位（スコア: 24.5）。トップとの指数差が67.5とやや開いており、能力だけでねじ伏せるには厳しい。上位進出には展開の助けや極端な馬場バイアスが必要になるだろう。内枠（1枠）を引き当てたことでロスなく立ち回れるのは大きなプラス材料。鞍上の野中騎手がいかに内を捌いて導くかが勝負の分かれ目になりそうだ。
20260502_TOKYO_07,エルオレンス,6,"[{""label"": ""AI穴▲"", ""type"": ""good""}]",16頭立て中、AIによる総合指数は12位（スコア: 23.5）。トップとの指数差が68.5とやや開いており、能力だけでねじ伏せるには厳しい。上位進出には展開の助けや極端な馬場バイアスが必要になるだろう。鞍上は西塚騎手が務める。極端な不利のない枠番から、馬の持ち味をどう引き出すか注目したい。
20260502_TOKYO_07,キングクレオール,7,[],16頭立て中、AIによる総合指数は13位（スコア: 22.1）。トップとの指数差が69.9とやや開いており、能力だけでねじ伏せるには厳しい。上位進出には展開の助けや極端な馬場バイアスが必要になるだろう。鞍上は大野騎手が務める。極端な不利のない枠番から、馬の持ち味をどう引き出すか注目したい。
20260502_TOKYO_07,オウケンベリー,4,"[{""label"": ""好枠(内)"", ""type"": ""neutral""}]",16頭立て中、AIによる総合指数は14位（スコア: 20.9）。トップとの指数差が71.1とやや開いており、能力だけでねじ伏せるには厳しい。上位進出には展開の助けや極端な馬場バイアスが必要になるだろう。内枠（2枠）を引き当てたことでロスなく立ち回れるのは大きなプラス材料。鞍上の木幡育騎手がいかに内を捌いて導くかが勝負の分かれ目になりそうだ。
20260502_TOKYO_07,カルツァクライン,14,"[{""label"": ""外枠"", ""type"": ""neutral""}]",16頭立て中、AIによる総合指数は15位（スコア: 20.6）。トップとの指数差が71.4とやや開いており、能力だけでねじ伏せるには厳しい。上位進出には展開の助けや極端な馬場バイアスが必要になるだろう。外枠（7枠）に入ったことで距離ロスや展開の不利を受けるリスクがある。★谷原騎手の手腕によるポジション取りがカギを握る。
20260502_TOKYO_07,ブルーリヴァーサル,5,[],16頭立て中、AIによる総合指数は16位（スコア: 20.0）。トップとの指数差が72.0とやや開いており、能力だけでねじ伏せるには厳しい。上位進出には展開の助けや極端な馬場バイアスが必要になるだろう。鞍上は的場騎手が務める。極端な不利のない枠番から、馬の持ち味をどう引き出すか注目したい。
20260502_TOKYO_08,ティムール,1,"[{""label"": ""AI本命◎"", ""type"": ""good""}]",10頭立て中、AIによる総合指数は1位（スコア: 92.0）。本モデルが算出した各種ファクターの中で最も高い評価を獲得しており、今回のレースにおける絶対的な中心候補だ。内枠（1枠）を引き当てたことでロスなく立ち回れるのは大きなプラス材料。鞍上の荻野極騎手がいかに内を捌いて導くかが勝負の分かれ目になりそうだ。
20260502_TOKYO_08,カーミングライツ,4,"[{""label"": ""対抗○"", ""type"": ""good""}]",10頭立て中、AIによる総合指数は2位（スコア: 90.3）。指数トップの馬とはわずか1.7ポイント差に迫っており、展開の綾や枠順の利で十分に逆転可能な圏内にいる。鞍上は横山和騎手が務める。極端な不利のない枠番から、馬の持ち味をどう引き出すか注目したい。
20260502_TOKYO_08,アルマデオロ,3,[],10頭立て中、AIによる総合指数は3位（スコア: 24.1）。上位馬と遜色ない能力スコアをマークしており、連軸やフォーメーションの2列目として馬券内に食い込むポテンシャルは極めて高い。鞍上は武豊騎手が務める。極端な不利のない枠番から、馬の持ち味をどう引き出すか注目したい。
20260502_TOKYO_08,リトルジャイアンツ,5,"[{""label"": ""過剰人気"", ""type"": ""bad""}]",10頭立て中、AIによる総合指数は4位（スコア: 22.8）。上位馬と遜色ない能力スコアをマークしており、連軸やフォーメーションの2列目として馬券内に食い込むポテンシャルは極めて高い。単勝1.7倍と世間の人気は一本被りしているが、AIの勝率評価は0.5%と辛口。期待値の観点からは過剰人気気味であり、配当妙味を考えると少し疑ってかかりたい存在だ。鞍上は横山典騎手が務める。極端な不利のない枠番から、馬の持ち味をどう引き出すか注目したい。
20260502_TOKYO_08,サトノソティラス,8,[],10頭立て中、AIによる総合指数は5位（スコア: 22.4）。トップとの指数差が69.6とやや開いており、能力だけでねじ伏せるには厳しい。上位進出には展開の助けや極端な馬場バイアスが必要になるだろう。鞍上はレーン騎手が務める。極端な不利のない枠番から、馬の持ち味をどう引き出すか注目したい。
20260502_TOKYO_08,ノラリクラリ,6,[],10頭立て中、AIによる総合指数は6位（スコア: 22.0）。トップとの指数差が70.0とやや開いており、能力だけでねじ伏せるには厳しい。上位進出には展開の助けや極端な馬場バイアスが必要になるだろう。鞍上は高杉騎手が務める。極端な不利のない枠番から、馬の持ち味をどう引き出すか注目したい。
20260502_TOKYO_08,イクリール,2,"[{""label"": ""AI穴▲"", ""type"": ""good""}]",10頭立て中、AIによる総合指数は7位（スコア: 21.3）。トップとの指数差が70.7とやや開いており、能力だけでねじ伏せるには厳しい。上位進出には展開の助けや極端な馬場バイアスが必要になるだろう。内枠（2枠）を引き当てたことでロスなく立ち回れるのは大きなプラス材料。鞍上の原騎手がいかに内を捌いて導くかが勝負の分かれ目になりそうだ。
20260502_TOKYO_08,レイデラルース,9,[],10頭立て中、AIによる総合指数は8位（スコア: 20.6）。トップとの指数差が71.4とやや開いており、能力だけでねじ伏せるには厳しい。上位進出には展開の助けや極端な馬場バイアスが必要になるだろう。鞍上は北村宏騎手が務める。極端な不利のない枠番から、馬の持ち味をどう引き出すか注目したい。
20260502_TOKYO_08,サトノトルネード,7,[],10頭立て中、AIによる総合指数は9位（スコア: 20.4）。トップとの指数差が71.6とやや開いており、能力だけでねじ伏せるには厳しい。上位進出には展開の助けや極端な馬場バイアスが必要になるだろう。鞍上は岩田康騎手が務める。極端な不利のない枠番から、馬の持ち味をどう引き出すか注目したい。
20260502_TOKYO_08,バーケンヘッド,10,[],10頭立て中、AIによる総合指数は10位（スコア: 20.0）。トップとの指数差が72.0とやや開いており、能力だけでねじ伏せるには厳しい。上位進出には展開の助けや極端な馬場バイアスが必要になるだろう。鞍上は▲石田騎手が務める。極端な不利のない枠番から、馬の持ち味をどう引き出すか注目したい。
20260502_TOKYO_09,ダカラフェスティヴ,3,"[{""label"": ""AI本命◎"", ""type"": ""good""}, {""label"": ""好枠(内)"", ""type"": ""neutral""}]",16頭立て中、AIによる総合指数は1位（スコア: 92.0）。本モデルが算出した各種ファクターの中で最も高い評価を獲得しており、今回のレースにおける絶対的な中心候補だ。内枠（2枠）を引き当てたことでロスなく立ち回れるのは大きなプラス材料。鞍上の戸崎圭騎手がいかに内を捌いて導くかが勝負の分かれ目になりそうだ。
20260502_TOKYO_09,ギュルヴィ,2,"[{""label"": ""対抗○"", ""type"": ""good""}, {""label"": ""好枠(内)"", ""type"": ""neutral""}]",16頭立て中、AIによる総合指数は2位（スコア: 76.5）。指数トップの馬とはわずか15.5ポイント差に迫っており、展開の綾や枠順の利で十分に逆転可能な圏内にいる。内枠（1枠）を引き当てたことでロスなく立ち回れるのは大きなプラス材料。鞍上の武豊騎手がいかに内を捌いて導くかが勝負の分かれ目になりそうだ。
20260502_TOKYO_09,アカデミア,14,"[{""label"": ""外枠"", ""type"": ""neutral""}]",16頭立て中、AIによる総合指数は3位（スコア: 27.0）。上位馬と遜色ない能力スコアをマークしており、連軸やフォーメーションの2列目として馬券内に食い込むポテンシャルは極めて高い。外枠（7枠）に入ったことで距離ロスや展開の不利を受けるリスクがある。ルメール騎手の手腕によるポジション取りがカギを握る。
20260502_TOKYO_09,オメガタキシード,13,"[{""label"": ""外枠"", ""type"": ""neutral""}]",16頭立て中、AIによる総合指数は4位（スコア: 22.9）。上位馬と遜色ない能力スコアをマークしており、連軸やフォーメーションの2列目として馬券内に食い込むポテンシャルは極めて高い。外枠（7枠）に入ったことで距離ロスや展開の不利を受けるリスクがある。岩田康騎手の手腕によるポジション取りがカギを握る。
20260502_TOKYO_09,バカーラン,4,"[{""label"": ""好枠(内)"", ""type"": ""neutral""}]",16頭立て中、AIによる総合指数は5位（スコア: 21.9）。トップとの指数差が70.1とやや開いており、能力だけでねじ伏せるには厳しい。上位進出には展開の助けや極端な馬場バイアスが必要になるだろう。内枠（2枠）を引き当てたことでロスなく立ち回れるのは大きなプラス材料。鞍上のディー騎手がいかに内を捌いて導くかが勝負の分かれ目になりそうだ。
20260502_TOKYO_09,ロフティストーリー,5,[],16頭立て中、AIによる総合指数は6位（スコア: 21.5）。トップとの指数差が70.5とやや開いており、能力だけでねじ伏せるには厳しい。上位進出には展開の助けや極端な馬場バイアスが必要になるだろう。鞍上は田辺騎手が務める。極端な不利のない枠番から、馬の持ち味をどう引き出すか注目したい。
20260502_TOKYO_09,タイセイアディクト,1,"[{""label"": ""好枠(内)"", ""type"": ""neutral""}]",16頭立て中、AIによる総合指数は7位（スコア: 21.4）。トップとの指数差が70.6とやや開いており、能力だけでねじ伏せるには厳しい。上位進出には展開の助けや極端な馬場バイアスが必要になるだろう。内枠（1枠）を引き当てたことでロスなく立ち回れるのは大きなプラス材料。鞍上の横山武騎手がいかに内を捌いて導くかが勝負の分かれ目になりそうだ。
20260502_TOKYO_09,ヴァナルガンド,10,[],16頭立て中、AIによる総合指数は8位（スコア: 20.9）。トップとの指数差が71.1とやや開いており、能力だけでねじ伏せるには厳しい。上位進出には展開の助けや極端な馬場バイアスが必要になるだろう。鞍上は津村騎手が務める。極端な不利のない枠番から、馬の持ち味をどう引き出すか注目したい。
20260502_TOKYO_09,インディゴブラック,8,[],16頭立て中、AIによる総合指数は9位（スコア: 20.7）。トップとの指数差が71.3とやや開いており、能力だけでねじ伏せるには厳しい。上位進出には展開の助けや極端な馬場バイアスが必要になるだろう。鞍上は西村太騎手が務める。極端な不利のない枠番から、馬の持ち味をどう引き出すか注目したい。
20260502_TOKYO_09,リアライズカミオン,12,"[{""label"": ""過剰人気"", ""type"": ""bad""}]",16頭立て中、AIによる総合指数は10位（スコア: 20.7）。トップとの指数差が71.3とやや開いており、能力だけでねじ伏せるには厳しい。上位進出には展開の助けや極端な馬場バイアスが必要になるだろう。単勝2.9倍と世間の人気は一本被りしているが、AIの勝率評価は0.3%と辛口。期待値の観点からは過剰人気気味であり、配当妙味を考えると少し疑ってかかりたい存在だ。鞍上はレーン騎手が務める。極端な不利のない枠番から、馬の持ち味をどう引き出すか注目したい。
20260502_TOKYO_09,マテンロウガイ,6,[],16頭立て中、AIによる総合指数は11位（スコア: 20.4）。トップとの指数差が71.6とやや開いており、能力だけでねじ伏せるには厳しい。上位進出には展開の助けや極端な馬場バイアスが必要になるだろう。鞍上は高杉騎手が務める。極端な不利のない枠番から、馬の持ち味をどう引き出すか注目したい。
20260502_TOKYO_09,ノットイナフ,11,[],16頭立て中、AIによる総合指数は12位（スコア: 20.3）。トップとの指数差が71.7とやや開いており、能力だけでねじ伏せるには厳しい。上位進出には展開の助けや極端な馬場バイアスが必要になるだろう。鞍上は石橋脩騎手が務める。極端な不利のない枠番から、馬の持ち味をどう引き出すか注目したい。
20260502_TOKYO_09,ルカランフィースト,7,[],16頭立て中、AIによる総合指数は13位（スコア: 20.2）。トップとの指数差が71.8とやや開いており、能力だけでねじ伏せるには厳しい。上位進出には展開の助けや極端な馬場バイアスが必要になるだろう。鞍上は荻野極騎手が務める。極端な不利のない枠番から、馬の持ち味をどう引き出すか注目したい。
20260502_TOKYO_09,ヤマニンエンディマ,15,"[{""label"": ""外枠"", ""type"": ""neutral""}]",16頭立て中、AIによる総合指数は14位（スコア: 20.1）。トップとの指数差が71.9とやや開いており、能力だけでねじ伏せるには厳しい。上位進出には展開の助けや極端な馬場バイアスが必要になるだろう。外枠（8枠）に入ったことで距離ロスや展開の不利を受けるリスクがある。木幡巧騎手の手腕によるポジション取りがカギを握る。
20260502_TOKYO_09,メイショウフジ,16,"[{""label"": ""外枠"", ""type"": ""neutral""}]",16頭立て中、AIによる総合指数は15位（スコア: 20.1）。トップとの指数差が71.9とやや開いており、能力だけでねじ伏せるには厳しい。上位進出には展開の助けや極端な馬場バイアスが必要になるだろう。外枠（8枠）に入ったことで距離ロスや展開の不利を受けるリスクがある。柴田大騎手の手腕によるポジション取りがカギを握る。
20260502_TOKYO_09,ビップスコーピオン,9,[],16頭立て中、AIによる総合指数は16位（スコア: 20.0）。トップとの指数差が72.0とやや開いており、能力だけでねじ伏せるには厳しい。上位進出には展開の助けや極端な馬場バイアスが必要になるだろう。鞍上は大野騎手が務める。極端な不利のない枠番から、馬の持ち味をどう引き出すか注目したい。
20260502_TOKYO_10,モートンアイランド,6,"[{""label"": ""AI本命◎"", ""type"": ""good""}]",11頭立て中、AIによる総合指数は1位（スコア: 92.0）。本モデルが算出した各種ファクターの中で最も高い評価を獲得しており、今回のレースにおける絶対的な中心候補だ。鞍上はレーン騎手が務める。極端な不利のない枠番から、馬の持ち味をどう引き出すか注目したい。
20260502_TOKYO_10,アルバンヌ,8,"[{""label"": ""対抗○"", ""type"": ""good""}]",11頭立て中、AIによる総合指数は2位（スコア: 51.5）。指数トップの馬とはわずか40.5ポイント差に迫っており、展開の綾や枠順の利で十分に逆転可能な圏内にいる。鞍上は津村騎手が務める。極端な不利のない枠番から、馬の持ち味をどう引き出すか注目したい。
20260502_TOKYO_10,サフランルージュ,5,[],11頭立て中、AIによる総合指数は3位（スコア: 25.3）。上位馬と遜色ない能力スコアをマークしており、連軸やフォーメーションの2列目として馬券内に食い込むポテンシャルは極めて高い。鞍上は野中騎手が務める。極端な不利のない枠番から、馬の持ち味をどう引き出すか注目したい。
20260502_TOKYO_10,ミツカネベネラ,10,[],11頭立て中、AIによる総合指数は4位（スコア: 24.2）。上位馬と遜色ない能力スコアをマークしており、連軸やフォーメーションの2列目として馬券内に食い込むポテンシャルは極めて高い。鞍上は横山和騎手が務める。極端な不利のない枠番から、馬の持ち味をどう引き出すか注目したい。
20260502_TOKYO_10,ドナルンバ,2,[],11頭立て中、AIによる総合指数は5位（スコア: 23.2）。トップとの指数差が68.8とやや開いており、能力だけでねじ伏せるには厳しい。上位進出には展開の助けや極端な馬場バイアスが必要になるだろう。内枠（2枠）を引き当てたことでロスなく立ち回れるのは大きなプラス材料。鞍上の荻野極騎手がいかに内を捌いて導くかが勝負の分かれ目になりそうだ。
20260502_TOKYO_10,サムシングスイート,9,[],11頭立て中、AIによる総合指数は6位（スコア: 21.6）。トップとの指数差が70.4とやや開いており、能力だけでねじ伏せるには厳しい。上位進出には展開の助けや極端な馬場バイアスが必要になるだろう。鞍上は横山武騎手が務める。極端な不利のない枠番から、馬の持ち味をどう引き出すか注目したい。
20260502_TOKYO_10,ベルサンローラン,3,"[{""label"": ""AI穴▲"", ""type"": ""good""}]",11頭立て中、AIによる総合指数は7位（スコア: 21.6）。トップとの指数差が70.4とやや開いており、能力だけでねじ伏せるには厳しい。上位進出には展開の助けや極端な馬場バイアスが必要になるだろう。鞍上は石橋脩騎手が務める。極端な不利のない枠番から、馬の持ち味をどう引き出すか注目したい。
20260502_TOKYO_10,レディーゴール,1,[],11頭立て中、AIによる総合指数は8位（スコア: 21.3）。トップとの指数差が70.7とやや開いており、能力だけでねじ伏せるには厳しい。上位進出には展開の助けや極端な馬場バイアスが必要になるだろう。内枠（1枠）を引き当てたことでロスなく立ち回れるのは大きなプラス材料。鞍上の菅原明騎手がいかに内を捌いて導くかが勝負の分かれ目になりそうだ。
20260502_TOKYO_10,アストリル,4,[],11頭立て中、AIによる総合指数は9位（スコア: 21.2）。トップとの指数差が70.8とやや開いており、能力だけでねじ伏せるには厳しい。上位進出には展開の助けや極端な馬場バイアスが必要になるだろう。鞍上は田辺騎手が務める。極端な不利のない枠番から、馬の持ち味をどう引き出すか注目したい。
20260502_TOKYO_10,カナルサンマルタン,11,[],11頭立て中、AIによる総合指数は10位（スコア: 21.1）。トップとの指数差が70.9とやや開いており、能力だけでねじ伏せるには厳しい。上位進出には展開の助けや極端な馬場バイアスが必要になるだろう。鞍上はルメール騎手が務める。極端な不利のない枠番から、馬の持ち味をどう引き出すか注目したい。
20260502_TOKYO_10,ラヴィニール,7,[],11頭立て中、AIによる総合指数は11位（スコア: 20.0）。トップとの指数差が72.0とやや開いており、能力だけでねじ伏せるには厳しい。上位進出には展開の助けや極端な馬場バイアスが必要になるだろう。鞍上はディー騎手が務める。極端な不利のない枠番から、馬の持ち味をどう引き出すか注目したい。
20260502_TOKYO_11,レイベリング,15,"[{""label"": ""AI本命◎"", ""type"": ""good""}, {""label"": ""外枠"", ""type"": ""neutral""}]",18頭立て中、AIによる総合指数は1位（スコア: 92.0）。本モデルが算出した各種ファクターの中で最も高い評価を獲得しており、今回のレースにおける絶対的な中心候補だ。外枠（7枠）に入ったことで距離ロスや展開の不利を受けるリスクがある。石橋脩騎手の手腕によるポジション取りがカギを握る。
20260502_TOKYO_11,ダノンセンチュリー,2,"[{""label"": ""対抗○"", ""type"": ""good""}, {""label"": ""過剰人気"", ""type"": ""bad""}, {""label"": ""好枠(内)"", ""type"": ""neutral""}]",18頭立て中、AIによる総合指数は2位（スコア: 69.6）。指数トップの馬とはわずか22.4ポイント差に迫っており、展開の綾や枠順の利で十分に逆転可能な圏内にいる。単勝2.9倍と世間の人気は一本被りしているが、AIの勝率評価は0.3%と辛口。期待値の観点からは過剰人気気味であり、配当妙味を考えると少し疑ってかかりたい存在だ。内枠（1枠）を引き当てたことでロスなく立ち回れるのは大きなプラス材料。鞍上のレーン騎手がいかに内を捌いて導くかが勝負の分かれ目になりそうだ。
20260502_TOKYO_11,ウイントワイライト,12,[],18頭立て中、AIによる総合指数は3位（スコア: 64.8）。上位馬と遜色ない能力スコアをマークしており、連軸やフォーメーションの2列目として馬券内に食い込むポテンシャルは極めて高い。鞍上は横山典騎手が務める。極端な不利のない枠番から、馬の持ち味をどう引き出すか注目したい。
20260502_TOKYO_11,ヤブサメ,18,"[{""label"": ""外枠"", ""type"": ""neutral""}]",18頭立て中、AIによる総合指数は4位（スコア: 61.1）。上位馬と遜色ない能力スコアをマークしており、連軸やフォーメーションの2列目として馬券内に食い込むポテンシャルは極めて高い。外枠（8枠）に入ったことで距離ロスや展開の不利を受けるリスクがある。武豊騎手の手腕によるポジション取りがカギを握る。
20260502_TOKYO_11,ワールズエンド,16,"[{""label"": ""外枠"", ""type"": ""neutral""}]",18頭立て中、AIによる総合指数は5位（スコア: 25.4）。トップとの指数差が66.6とやや開いており、能力だけでねじ伏せるには厳しい。上位進出には展開の助けや極端な馬場バイアスが必要になるだろう。外枠（8枠）に入ったことで距離ロスや展開の不利を受けるリスクがある。津村騎手の手腕によるポジション取りがカギを握る。
20260502_TOKYO_11,ファンダム,13,"[{""label"": ""外枠"", ""type"": ""neutral""}]",18頭立て中、AIによる総合指数は6位（スコア: 23.1）。トップとの指数差が68.9とやや開いており、能力だけでねじ伏せるには厳しい。上位進出には展開の助けや極端な馬場バイアスが必要になるだろう。外枠（7枠）に入ったことで距離ロスや展開の不利を受けるリスクがある。ルメール騎手の手腕によるポジション取りがカギを握る。
20260502_TOKYO_11,マイネルチケット,14,"[{""label"": ""外枠"", ""type"": ""neutral""}]",18頭立て中、AIによる総合指数は7位（スコア: 22.4）。トップとの指数差が69.6とやや開いており、能力だけでねじ伏せるには厳しい。上位進出には展開の助けや極端な馬場バイアスが必要になるだろう。外枠（7枠）に入ったことで距離ロスや展開の不利を受けるリスクがある。横山武騎手の手腕によるポジション取りがカギを握る。
20260502_TOKYO_11,アサカラキング,11,[],18頭立て中、AIによる総合指数は8位（スコア: 22.1）。トップとの指数差が69.9とやや開いており、能力だけでねじ伏せるには厳しい。上位進出には展開の助けや極端な馬場バイアスが必要になるだろう。鞍上は戸崎圭騎手が務める。極端な不利のない枠番から、馬の持ち味をどう引き出すか注目したい。
20260502_TOKYO_11,ダノンマッキンリー,17,"[{""label"": ""外枠"", ""type"": ""neutral""}]",18頭立て中、AIによる総合指数は9位（スコア: 21.7）。トップとの指数差が70.3とやや開いており、能力だけでねじ伏せるには厳しい。上位進出には展開の助けや極端な馬場バイアスが必要になるだろう。外枠（8枠）に入ったことで距離ロスや展開の不利を受けるリスクがある。高杉騎手の手腕によるポジション取りがカギを握る。
20260502_TOKYO_11,ララマセラシオン,8,[],18頭立て中、AIによる総合指数は10位（スコア: 21.6）。トップとの指数差が70.4とやや開いており、能力だけでねじ伏せるには厳しい。上位進出には展開の助けや極端な馬場バイアスが必要になるだろう。鞍上は菅原明騎手が務める。極端な不利のない枠番から、馬の持ち味をどう引き出すか注目したい。
20260502_TOKYO_11,キープカルム,10,[],18頭立て中、AIによる総合指数は11位（スコア: 21.5）。トップとの指数差が70.5とやや開いており、能力だけでねじ伏せるには厳しい。上位進出には展開の助けや極端な馬場バイアスが必要になるだろう。鞍上は荻野極騎手が務める。極端な不利のない枠番から、馬の持ち味をどう引き出すか注目したい。
20260502_TOKYO_11,セフィロ,6,[],18頭立て中、AIによる総合指数は12位（スコア: 21.4）。トップとの指数差が70.6とやや開いており、能力だけでねじ伏せるには厳しい。上位進出には展開の助けや極端な馬場バイアスが必要になるだろう。鞍上は三浦騎手が務める。極端な不利のない枠番から、馬の持ち味をどう引き出すか注目したい。
20260502_TOKYO_11,ワイドラトゥール,5,[],18頭立て中、AIによる総合指数は13位（スコア: 21.3）。トップとの指数差が70.7とやや開いており、能力だけでねじ伏せるには厳しい。上位進出には展開の助けや極端な馬場バイアスが必要になるだろう。鞍上は西塚騎手が務める。極端な不利のない枠番から、馬の持ち味をどう引き出すか注目したい。
20260502_TOKYO_11,シリウスコルト,4,"[{""label"": ""AI穴▲"", ""type"": ""good""}, {""label"": ""好枠(内)"", ""type"": ""neutral""}]",18頭立て中、AIによる総合指数は14位（スコア: 21.2）。トップとの指数差が70.8とやや開いており、能力だけでねじ伏せるには厳しい。上位進出には展開の助けや極端な馬場バイアスが必要になるだろう。内枠（2枠）を引き当てたことでロスなく立ち回れるのは大きなプラス材料。鞍上の田辺騎手がいかに内を捌いて導くかが勝負の分かれ目になりそうだ。
20260502_TOKYO_11,フリームファクシ,9,[],18頭立て中、AIによる総合指数は15位（スコア: 20.8）。トップとの指数差が71.2とやや開いており、能力だけでねじ伏せるには厳しい。上位進出には展開の助けや極端な馬場バイアスが必要になるだろう。鞍上は佐々木騎手が務める。極端な不利のない枠番から、馬の持ち味をどう引き出すか注目したい。
20260502_TOKYO_11,カンチェンジュンガ,3,"[{""label"": ""好枠(内)"", ""type"": ""neutral""}]",18頭立て中、AIによる総合指数は16位（スコア: 20.6）。トップとの指数差が71.4とやや開いており、能力だけでねじ伏せるには厳しい。上位進出には展開の助けや極端な馬場バイアスが必要になるだろう。内枠（2枠）を引き当てたことでロスなく立ち回れるのは大きなプラス材料。鞍上のディー騎手がいかに内を捌いて導くかが勝負の分かれ目になりそうだ。
20260502_TOKYO_11,レッドシュヴェルト,1,"[{""label"": ""好枠(内)"", ""type"": ""neutral""}]",18頭立て中、AIによる総合指数は17位（スコア: 20.4）。トップとの指数差が71.6とやや開いており、能力だけでねじ伏せるには厳しい。上位進出には展開の助けや極端な馬場バイアスが必要になるだろう。内枠（1枠）を引き当てたことでロスなく立ち回れるのは大きなプラス材料。鞍上の横山和騎手がいかに内を捌いて導くかが勝負の分かれ目になりそうだ。
20260502_TOKYO_11,ラケマーダ,7,[],18頭立て中、AIによる総合指数は18位（スコア: 20.0）。トップとの指数差が72.0とやや開いており、能力だけでねじ伏せるには厳しい。上位進出には展開の助けや極端な馬場バイアスが必要になるだろう。鞍上は原騎手が務める。極端な不利のない枠番から、馬の持ち味をどう引き出すか注目したい。
20260502_TOKYO_12,コーリンカルベラ,3,"[{""label"": ""AI本命◎"", ""type"": ""good""}]",14頭立て中、AIによる総合指数は1位（スコア: 92.0）。本モデルが算出した各種ファクターの中で最も高い評価を獲得しており、今回のレースにおける絶対的な中心候補だ。鞍上は吉田豊騎手が務める。極端な不利のない枠番から、馬の持ち味をどう引き出すか注目したい。
20260502_TOKYO_12,ヘリオトロープ,2,"[{""label"": ""対抗○"", ""type"": ""good""}, {""label"": ""過剰人気"", ""type"": ""bad""}, {""label"": ""好枠(内)"", ""type"": ""neutral""}]",14頭立て中、AIによる総合指数は2位（スコア: 49.8）。指数トップの馬とはわずか42.2ポイント差に迫っており、展開の綾や枠順の利で十分に逆転可能な圏内にいる。単勝1.8倍と世間の人気は一本被りしているが、AIの勝率評価は0.4%と辛口。期待値の観点からは過剰人気気味であり、配当妙味を考えると少し疑ってかかりたい存在だ。内枠（2枠）を引き当てたことでロスなく立ち回れるのは大きなプラス材料。鞍上のレーン騎手がいかに内を捌いて導くかが勝負の分かれ目になりそうだ。
20260502_TOKYO_12,グラフィティアート,9,[],14頭立て中、AIによる総合指数は3位（スコア: 25.1）。上位馬と遜色ない能力スコアをマークしており、連軸やフォーメーションの2列目として馬券内に食い込むポテンシャルは極めて高い。鞍上は高杉騎手が務める。極端な不利のない枠番から、馬の持ち味をどう引き出すか注目したい。
20260502_TOKYO_12,ライフゲート,7,[],14頭立て中、AIによる総合指数は4位（スコア: 21.8）。上位馬と遜色ない能力スコアをマークしており、連軸やフォーメーションの2列目として馬券内に食い込むポテンシャルは極めて高い。鞍上は佐々木騎手が務める。極端な不利のない枠番から、馬の持ち味をどう引き出すか注目したい。
20260502_TOKYO_12,レッドダンルース,14,"[{""label"": ""外枠"", ""type"": ""neutral""}]",14頭立て中、AIによる総合指数は5位（スコア: 21.8）。トップとの指数差が70.2とやや開いており、能力だけでねじ伏せるには厳しい。上位進出には展開の助けや極端な馬場バイアスが必要になるだろう。外枠（8枠）に入ったことで距離ロスや展開の不利を受けるリスクがある。津村騎手の手腕によるポジション取りがカギを握る。
20260502_TOKYO_12,メイショウタイビン,11,"[{""label"": ""外枠"", ""type"": ""neutral""}]",14頭立て中、AIによる総合指数は6位（スコア: 21.6）。トップとの指数差が70.4とやや開いており、能力だけでねじ伏せるには厳しい。上位進出には展開の助けや極端な馬場バイアスが必要になるだろう。外枠（7枠）に入ったことで距離ロスや展開の不利を受けるリスクがある。大野騎手の手腕によるポジション取りがカギを握る。
20260502_TOKYO_12,マスグラバイト,4,[],14頭立て中、AIによる総合指数は7位（スコア: 21.1）。トップとの指数差が70.9とやや開いており、能力だけでねじ伏せるには厳しい。上位進出には展開の助けや極端な馬場バイアスが必要になるだろう。鞍上は荻野極騎手が務める。極端な不利のない枠番から、馬の持ち味をどう引き出すか注目したい。
20260502_TOKYO_12,グレイスザクラウン,12,"[{""label"": ""外枠"", ""type"": ""neutral""}]",14頭立て中、AIによる総合指数は8位（スコア: 21.0）。トップとの指数差が71.0とやや開いており、能力だけでねじ伏せるには厳しい。上位進出には展開の助けや極端な馬場バイアスが必要になるだろう。外枠（7枠）に入ったことで距離ロスや展開の不利を受けるリスクがある。木幡巧騎手の手腕によるポジション取りがカギを握る。
20260502_TOKYO_12,ルヴァレドクール,5,[],14頭立て中、AIによる総合指数は9位（スコア: 20.9）。トップとの指数差が71.1とやや開いており、能力だけでねじ伏せるには厳しい。上位進出には展開の助けや極端な馬場バイアスが必要になるだろう。鞍上は横山和騎手が務める。極端な不利のない枠番から、馬の持ち味をどう引き出すか注目したい。
20260502_TOKYO_12,マリンバンカー,8,[],14頭立て中、AIによる総合指数は10位（スコア: 20.9）。トップとの指数差が71.1とやや開いており、能力だけでねじ伏せるには厳しい。上位進出には展開の助けや極端な馬場バイアスが必要になるだろう。鞍上は松岡騎手が務める。極端な不利のない枠番から、馬の持ち味をどう引き出すか注目したい。
20260502_TOKYO_12,サンダーロード,13,"[{""label"": ""外枠"", ""type"": ""neutral""}]",14頭立て中、AIによる総合指数は11位（スコア: 20.7）。トップとの指数差が71.3とやや開いており、能力だけでねじ伏せるには厳しい。上位進出には展開の助けや極端な馬場バイアスが必要になるだろう。外枠（8枠）に入ったことで距離ロスや展開の不利を受けるリスクがある。田辺騎手の手腕によるポジション取りがカギを握る。
20260502_TOKYO_12,ジュンゴールド,10,[],14頭立て中、AIによる総合指数は12位（スコア: 20.5）。トップとの指数差が71.5とやや開いており、能力だけでねじ伏せるには厳しい。上位進出には展開の助けや極端な馬場バイアスが必要になるだろう。鞍上はディー騎手が務める。極端な不利のない枠番から、馬の持ち味をどう引き出すか注目したい。
20260502_TOKYO_12,ミルフルール,6,[],14頭立て中、AIによる総合指数は13位（スコア: 20.4）。トップとの指数差が71.6とやや開いており、能力だけでねじ伏せるには厳しい。上位進出には展開の助けや極端な馬場バイアスが必要になるだろう。鞍上は原騎手が務める。極端な不利のない枠番から、馬の持ち味をどう引き出すか注目したい。
20260502_TOKYO_12,スプレーフォール,1,"[{""label"": ""好枠(内)"", ""type"": ""neutral""}]",14頭立て中、AIによる総合指数は14位（スコア: 20.0）。トップとの指数差が72.0とやや開いており、能力だけでねじ伏せるには厳しい。上位進出には展開の助けや極端な馬場バイアスが必要になるだろう。内枠（1枠）を引き当てたことでロスなく立ち回れるのは大きなプラス材料。鞍上の▲石田騎手がいかに内を捌いて導くかが勝負の分かれ目になりそうだ。
20260503_KYOTO_01,イズジョーアザヤカ,14,"[{""label"": ""AI本命◎"", ""type"": ""good""}, {""label"": ""外枠"", ""type"": ""neutral""}]",16頭立て中、AIによる総合指数は1位（スコア: 92.0）。本モデルが算出した各種ファクターの中で最も高い評価を獲得しており、今回のレースにおける絶対的な中心候補だ。外枠（7枠）に入ったことで距離ロスや展開の不利を受けるリスクがある。岩田望騎手の手腕によるポジション取りがカギを握る。
20260503_KYOTO_01,スターフュージョン,5,"[{""label"": ""対抗○"", ""type"": ""good""}, {""label"": ""過剰人気"", ""type"": ""bad""}]",16頭立て中、AIによる総合指数は2位（スコア: 35.9）。指数トップの馬とはわずか56.1ポイント差に迫っており、展開の綾や枠順の利で十分に逆転可能な圏内にいる。単勝2.7倍と世間の人気は一本被りしているが、AIの勝率評価は0.3%と辛口。期待値の観点からは過剰人気気味であり、配当妙味を考えると少し疑ってかかりたい存在だ。鞍上は鮫島駿騎手が務める。極端な不利のない枠番から、馬の持ち味をどう引き出すか注目したい。
20260503_KYOTO_01,グレイトソン,11,"[{""label"": ""過剰人気"", ""type"": ""bad""}]",16頭立て中、AIによる総合指数は3位（スコア: 34.0）。上位馬と遜色ない能力スコアをマークしており、連軸やフォーメーションの2列目として馬券内に食い込むポテンシャルは極めて高い。単勝2.0倍と世間の人気は一本被りしているが、AIの勝率評価は0.4%と辛口。期待値の観点からは過剰人気気味であり、配当妙味を考えると少し疑ってかかりたい存在だ。鞍上は松山騎手が務める。極端な不利のない枠番から、馬の持ち味をどう引き出すか注目したい。
20260503_KYOTO_01,クリコファルコン,3,"[{""label"": ""好枠(内)"", ""type"": ""neutral""}]",16頭立て中、AIによる総合指数は4位（スコア: 24.4）。上位馬と遜色ない能力スコアをマークしており、連軸やフォーメーションの2列目として馬券内に食い込むポテンシャルは極めて高い。内枠（2枠）を引き当てたことでロスなく立ち回れるのは大きなプラス材料。鞍上の菱田騎手がいかに内を捌いて導くかが勝負の分かれ目になりそうだ。
20260503_KYOTO_01,サンシャインビーチ,1,"[{""label"": ""AI穴▲"", ""type"": ""good""}, {""label"": ""好枠(内)"", ""type"": ""neutral""}]",16頭立て中、AIによる総合指数は5位（スコア: 23.4）。トップとの指数差が68.6とやや開いており、能力だけでねじ伏せるには厳しい。上位進出には展開の助けや極端な馬場バイアスが必要になるだろう。内枠（1枠）を引き当てたことでロスなく立ち回れるのは大きなプラス材料。鞍上の岩部騎手がいかに内を捌いて導くかが勝負の分かれ目になりそうだ。
20260503_KYOTO_01,ファーストアタック,16,"[{""label"": ""外枠"", ""type"": ""neutral""}]",16頭立て中、AIによる総合指数は6位（スコア: 22.8）。トップとの指数差が69.2とやや開いており、能力だけでねじ伏せるには厳しい。上位進出には展開の助けや極端な馬場バイアスが必要になるだろう。外枠（8枠）に入ったことで距離ロスや展開の不利を受けるリスクがある。団野騎手の手腕によるポジション取りがカギを握る。
20260503_KYOTO_01,サンライズロイ,7,[],16頭立て中、AIによる総合指数は7位（スコア: 22.1）。トップとの指数差が69.9とやや開いており、能力だけでねじ伏せるには厳しい。上位進出には展開の助けや極端な馬場バイアスが必要になるだろう。鞍上は国分恭騎手が務める。極端な不利のない枠番から、馬の持ち味をどう引き出すか注目したい。
20260503_KYOTO_01,オアシスアラン,13,"[{""label"": ""外枠"", ""type"": ""neutral""}]",16頭立て中、AIによる総合指数は8位（スコア: 21.7）。トップとの指数差が70.3とやや開いており、能力だけでねじ伏せるには厳しい。上位進出には展開の助けや極端な馬場バイアスが必要になるだろう。外枠（7枠）に入ったことで距離ロスや展開の不利を受けるリスクがある。松若騎手の手腕によるポジション取りがカギを握る。
20260503_KYOTO_01,グランビスタ,8,[],16頭立て中、AIによる総合指数は9位（スコア: 20.8）。トップとの指数差が71.2とやや開いており、能力だけでねじ伏せるには厳しい。上位進出には展開の助けや極端な馬場バイアスが必要になるだろう。鞍上は吉村騎手が務める。極端な不利のない枠番から、馬の持ち味をどう引き出すか注目したい。
20260503_KYOTO_01,ショーライトイヤー,2,"[{""label"": ""好枠(内)"", ""type"": ""neutral""}]",16頭立て中、AIによる総合指数は10位（スコア: 20.5）。トップとの指数差が71.5とやや開いており、能力だけでねじ伏せるには厳しい。上位進出には展開の助けや極端な馬場バイアスが必要になるだろう。内枠（1枠）を引き当てたことでロスなく立ち回れるのは大きなプラス材料。鞍上の太宰騎手がいかに内を捌いて導くかが勝負の分かれ目になりそうだ。
20260503_KYOTO_01,ペイシャプレイ,10,[],16頭立て中、AIによる総合指数は11位（スコア: 20.4）。トップとの指数差が71.6とやや開いており、能力だけでねじ伏せるには厳しい。上位進出には展開の助けや極端な馬場バイアスが必要になるだろう。鞍上は秋山稔騎手が務める。極端な不利のない枠番から、馬の持ち味をどう引き出すか注目したい。
20260503_KYOTO_01,ジーティーリボーン,9,[],16頭立て中、AIによる総合指数は12位（スコア: 20.3）。トップとの指数差が71.7とやや開いており、能力だけでねじ伏せるには厳しい。上位進出には展開の助けや極端な馬場バイアスが必要になるだろう。鞍上は国分優騎手が務める。極端な不利のない枠番から、馬の持ち味をどう引き出すか注目したい。
20260503_KYOTO_01,ラブベイトー,12,[],16頭立て中、AIによる総合指数は13位（スコア: 20.2）。トップとの指数差が71.8とやや開いており、能力だけでねじ伏せるには厳しい。上位進出には展開の助けや極端な馬場バイアスが必要になるだろう。鞍上は城戸騎手が務める。極端な不利のない枠番から、馬の持ち味をどう引き出すか注目したい。
20260503_KYOTO_01,キャスケード,4,"[{""label"": ""好枠(内)"", ""type"": ""neutral""}]",16頭立て中、AIによる総合指数は14位（スコア: 20.1）。トップとの指数差が71.9とやや開いており、能力だけでねじ伏せるには厳しい。上位進出には展開の助けや極端な馬場バイアスが必要になるだろう。内枠（2枠）を引き当てたことでロスなく立ち回れるのは大きなプラス材料。鞍上の長岡騎手がいかに内を捌いて導くかが勝負の分かれ目になりそうだ。
20260503_KYOTO_01,ナムラオーレ,6,[],16頭立て中、AIによる総合指数は15位（スコア: 20.0）。トップとの指数差が72.0とやや開いており、能力だけでねじ伏せるには厳しい。上位進出には展開の助けや極端な馬場バイアスが必要になるだろう。鞍上は角田和騎手が務める。極端な不利のない枠番から、馬の持ち味をどう引き出すか注目したい。
20260503_KYOTO_01,アッチョンブリケ,15,"[{""label"": ""外枠"", ""type"": ""neutral""}]",16頭立て中、AIによる総合指数は16位（スコア: 20.0）。トップとの指数差が72.0とやや開いており、能力だけでねじ伏せるには厳しい。上位進出には展開の助けや極端な馬場バイアスが必要になるだろう。外枠（8枠）に入ったことで距離ロスや展開の不利を受けるリスクがある。▲川端騎手の手腕によるポジション取りがカギを握る。
20260503_KYOTO_02,チアフルラン,7,"[{""label"": ""AI本命◎"", ""type"": ""good""}]",15頭立て中、AIによる総合指数は1位（スコア: 92.0）。本モデルが算出した各種ファクターの中で最も高い評価を獲得しており、今回のレースにおける絶対的な中心候補だ。鞍上は藤懸騎手が務める。極端な不利のない枠番から、馬の持ち味をどう引き出すか注目したい。
20260503_KYOTO_02,テリコス,12,"[{""label"": ""対抗○"", ""type"": ""good""}, {""label"": ""外枠"", ""type"": ""neutral""}]",15頭立て中、AIによる総合指数は2位（スコア: 66.0）。指数トップの馬とはわずか26.0ポイント差に迫っており、展開の綾や枠順の利で十分に逆転可能な圏内にいる。外枠（7枠）に入ったことで距離ロスや展開の不利を受けるリスクがある。吉村騎手の手腕によるポジション取りがカギを握る。
20260503_KYOTO_02,ガラード,11,[],15頭立て中、AIによる総合指数は3位（スコア: 57.5）。上位馬と遜色ない能力スコアをマークしており、連軸やフォーメーションの2列目として馬券内に食い込むポテンシャルは極めて高い。鞍上は鮫島駿騎手が務める。極端な不利のない枠番から、馬の持ち味をどう引き出すか注目したい。
20260503_KYOTO_02,ピコオーバル,10,"[{""label"": ""過剰人気"", ""type"": ""bad""}]",15頭立て中、AIによる総合指数は4位（スコア: 31.9）。上位馬と遜色ない能力スコアをマークしており、連軸やフォーメーションの2列目として馬券内に食い込むポテンシャルは極めて高い。単勝2.6倍と世間の人気は一本被りしているが、AIの勝率評価は0.3%と辛口。期待値の観点からは過剰人気気味であり、配当妙味を考えると少し疑ってかかりたい存在だ。鞍上は菱田騎手が務める。極端な不利のない枠番から、馬の持ち味をどう引き出すか注目したい。
20260503_KYOTO_02,メイショウヒタカミ,4,[],15頭立て中、AIによる総合指数は5位（スコア: 24.8）。トップとの指数差が67.2とやや開いており、能力だけでねじ伏せるには厳しい。上位進出には展開の助けや極端な馬場バイアスが必要になるだろう。鞍上は角田和騎手が務める。極端な不利のない枠番から、馬の持ち味をどう引き出すか注目したい。
20260503_KYOTO_02,ゴールデンボブ,6,[],15頭立て中、AIによる総合指数は6位（スコア: 23.1）。トップとの指数差が68.9とやや開いており、能力だけでねじ伏せるには厳しい。上位進出には展開の助けや極端な馬場バイアスが必要になるだろう。鞍上は▲川端騎手が務める。極端な不利のない枠番から、馬の持ち味をどう引き出すか注目したい。
20260503_KYOTO_02,ウォーターサオラ,15,"[{""label"": ""外枠"", ""type"": ""neutral""}]",15頭立て中、AIによる総合指数は7位（スコア: 22.2）。トップとの指数差が69.8とやや開いており、能力だけでねじ伏せるには厳しい。上位進出には展開の助けや極端な馬場バイアスが必要になるだろう。外枠（8枠）に入ったことで距離ロスや展開の不利を受けるリスクがある。松若騎手の手腕によるポジション取りがカギを握る。
20260503_KYOTO_02,ケンフィールド,8,[],15頭立て中、AIによる総合指数は8位（スコア: 22.0）。トップとの指数差が70.0とやや開いており、能力だけでねじ伏せるには厳しい。上位進出には展開の助けや極端な馬場バイアスが必要になるだろう。鞍上は幸騎手が務める。極端な不利のない枠番から、馬の持ち味をどう引き出すか注目したい。
20260503_KYOTO_02,ロードファイター,9,[],15頭立て中、AIによる総合指数は9位（スコア: 21.2）。トップとの指数差が70.8とやや開いており、能力だけでねじ伏せるには厳しい。上位進出には展開の助けや極端な馬場バイアスが必要になるだろう。鞍上は団野騎手が務める。極端な不利のない枠番から、馬の持ち味をどう引き出すか注目したい。
20260503_KYOTO_02,エクスマウス,5,[],15頭立て中、AIによる総合指数は10位（スコア: 20.6）。トップとの指数差が71.4とやや開いており、能力だけでねじ伏せるには厳しい。上位進出には展開の助けや極端な馬場バイアスが必要になるだろう。鞍上は池添騎手が務める。極端な不利のない枠番から、馬の持ち味をどう引き出すか注目したい。
20260503_KYOTO_02,タイセイフリーデン,2,"[{""label"": ""好枠(内)"", ""type"": ""neutral""}]",15頭立て中、AIによる総合指数は11位（スコア: 20.2）。トップとの指数差が71.8とやや開いており、能力だけでねじ伏せるには厳しい。上位進出には展開の助けや極端な馬場バイアスが必要になるだろう。内枠（2枠）を引き当てたことでロスなく立ち回れるのは大きなプラス材料。鞍上の秋山稔騎手がいかに内を捌いて導くかが勝負の分かれ目になりそうだ。
20260503_KYOTO_02,ダイメイミラクル,13,"[{""label"": ""外枠"", ""type"": ""neutral""}]",15頭立て中、AIによる総合指数は12位（スコア: 20.2）。トップとの指数差が71.8とやや開いており、能力だけでねじ伏せるには厳しい。上位進出には展開の助けや極端な馬場バイアスが必要になるだろう。外枠（7枠）に入ったことで距離ロスや展開の不利を受けるリスクがある。太宰騎手の手腕によるポジション取りがカギを握る。
20260503_KYOTO_02,ゴッドシュアウイン,14,"[{""label"": ""外枠"", ""type"": ""neutral""}]",15頭立て中、AIによる総合指数は13位（スコア: 20.1）。トップとの指数差が71.9とやや開いており、能力だけでねじ伏せるには厳しい。上位進出には展開の助けや極端な馬場バイアスが必要になるだろう。外枠（8枠）に入ったことで距離ロスや展開の不利を受けるリスクがある。酒井騎手の手腕によるポジション取りがカギを握る。
20260503_KYOTO_02,ビナハイバン,1,"[{""label"": ""AI穴▲"", ""type"": ""good""}, {""label"": ""好枠(内)"", ""type"": ""neutral""}]",15頭立て中、AIによる総合指数は14位（スコア: 20.0）。トップとの指数差が72.0とやや開いており、能力だけでねじ伏せるには厳しい。上位進出には展開の助けや極端な馬場バイアスが必要になるだろう。内枠（1枠）を引き当てたことでロスなく立ち回れるのは大きなプラス材料。鞍上の川須騎手がいかに内を捌いて導くかが勝負の分かれ目になりそうだ。
20260503_KYOTO_02,ドリームゴーズオン,3,"[{""label"": ""好枠(内)"", ""type"": ""neutral""}]",15頭立て中、AIによる総合指数は15位（スコア: 20.0）。トップとの指数差が72.0とやや開いており、能力だけでねじ伏せるには厳しい。上位進出には展開の助けや極端な馬場バイアスが必要になるだろう。内枠（2枠）を引き当てたことでロスなく立ち回れるのは大きなプラス材料。鞍上の長岡騎手がいかに内を捌いて導くかが勝負の分かれ目になりそうだ。
20260503_KYOTO_03,オーロラボレアリス,9,"[{""label"": ""AI本命◎"", ""type"": ""good""}]",18頭立て中、AIによる総合指数は1位（スコア: 92.0）。本モデルが算出した各種ファクターの中で最も高い評価を獲得しており、今回のレースにおける絶対的な中心候補だ。鞍上は幸騎手が務める。極端な不利のない枠番から、馬の持ち味をどう引き出すか注目したい。
20260503_KYOTO_03,ソロンゴ,5,"[{""label"": ""対抗○"", ""type"": ""good""}]",18頭立て中、AIによる総合指数は2位（スコア: 78.3）。指数トップの馬とはわずか13.7ポイント差に迫っており、展開の綾や枠順の利で十分に逆転可能な圏内にいる。鞍上は古川吉騎手が務める。極端な不利のない枠番から、馬の持ち味をどう引き出すか注目したい。
20260503_KYOTO_03,ドールズ,17,"[{""label"": ""外枠"", ""type"": ""neutral""}]",18頭立て中、AIによる総合指数は3位（スコア: 66.9）。上位馬と遜色ない能力スコアをマークしており、連軸やフォーメーションの2列目として馬券内に食い込むポテンシャルは極めて高い。外枠（8枠）に入ったことで距離ロスや展開の不利を受けるリスクがある。高倉騎手の手腕によるポジション取りがカギを握る。
20260503_KYOTO_03,ティアラティアレ,10,[],18頭立て中、AIによる総合指数は4位（スコア: 40.8）。上位馬と遜色ない能力スコアをマークしており、連軸やフォーメーションの2列目として馬券内に食い込むポテンシャルは極めて高い。鞍上は▲川端騎手が務める。極端な不利のない枠番から、馬の持ち味をどう引き出すか注目したい。
20260503_KYOTO_03,セカンドトゥベスト,1,"[{""label"": ""過剰人気"", ""type"": ""bad""}, {""label"": ""好枠(内)"", ""type"": ""neutral""}]",18頭立て中、AIによる総合指数は5位（スコア: 36.8）。トップとの指数差が55.2とやや開いており、能力だけでねじ伏せるには厳しい。上位進出には展開の助けや極端な馬場バイアスが必要になるだろう。単勝2.9倍と世間の人気は一本被りしているが、AIの勝率評価は0.3%と辛口。期待値の観点からは過剰人気気味であり、配当妙味を考えると少し疑ってかかりたい存在だ。内枠（1枠）を引き当てたことでロスなく立ち回れるのは大きなプラス材料。鞍上の岩田望騎手がいかに内を捌いて導くかが勝負の分かれ目になりそうだ。
20260503_KYOTO_03,クラリノ,2,"[{""label"": ""好枠(内)"", ""type"": ""neutral""}]",18頭立て中、AIによる総合指数は6位（スコア: 28.4）。トップとの指数差が63.6とやや開いており、能力だけでねじ伏せるには厳しい。上位進出には展開の助けや極端な馬場バイアスが必要になるだろう。内枠（1枠）を引き当てたことでロスなく立ち回れるのは大きなプラス材料。鞍上の松山騎手がいかに内を捌いて導くかが勝負の分かれ目になりそうだ。
20260503_KYOTO_03,ルナフィオーレ,13,"[{""label"": ""外枠"", ""type"": ""neutral""}]",18頭立て中、AIによる総合指数は7位（スコア: 22.7）。トップとの指数差が69.3とやや開いており、能力だけでねじ伏せるには厳しい。上位進出には展開の助けや極端な馬場バイアスが必要になるだろう。外枠（7枠）に入ったことで距離ロスや展開の不利を受けるリスクがある。Mデムーロ騎手の手腕によるポジション取りがカギを握る。
20260503_KYOTO_03,ベネディクション,7,[],18頭立て中、AIによる総合指数は8位（スコア: 22.7）。トップとの指数差が69.3とやや開いており、能力だけでねじ伏せるには厳しい。上位進出には展開の助けや極端な馬場バイアスが必要になるだろう。鞍上は菱田騎手が務める。極端な不利のない枠番から、馬の持ち味をどう引き出すか注目したい。
20260503_KYOTO_03,サトノカスターニャ,11,[],18頭立て中、AIによる総合指数は9位（スコア: 22.4）。トップとの指数差が69.6とやや開いており、能力だけでねじ伏せるには厳しい。上位進出には展開の助けや極端な馬場バイアスが必要になるだろう。鞍上は北村友騎手が務める。極端な不利のない枠番から、馬の持ち味をどう引き出すか注目したい。
20260503_KYOTO_03,ヴィーラー,8,[],18頭立て中、AIによる総合指数は10位（スコア: 22.2）。トップとの指数差が69.8とやや開いており、能力だけでねじ伏せるには厳しい。上位進出には展開の助けや極端な馬場バイアスが必要になるだろう。鞍上は角田和騎手が務める。極端な不利のない枠番から、馬の持ち味をどう引き出すか注目したい。
20260503_KYOTO_03,ペプチドブッドレア,6,[],18頭立て中、AIによる総合指数は11位（スコア: 22.1）。トップとの指数差が69.9とやや開いており、能力だけでねじ伏せるには厳しい。上位進出には展開の助けや極端な馬場バイアスが必要になるだろう。鞍上は団野騎手が務める。極端な不利のない枠番から、馬の持ち味をどう引き出すか注目したい。
20260503_KYOTO_03,クーブグラッセ,3,"[{""label"": ""AI穴▲"", ""type"": ""good""}, {""label"": ""好枠(内)"", ""type"": ""neutral""}]",18頭立て中、AIによる総合指数は12位（スコア: 22.0）。トップとの指数差が70.0とやや開いており、能力だけでねじ伏せるには厳しい。上位進出には展開の助けや極端な馬場バイアスが必要になるだろう。内枠（2枠）を引き当てたことでロスなく立ち回れるのは大きなプラス材料。鞍上の国分恭騎手がいかに内を捌いて導くかが勝負の分かれ目になりそうだ。
20260503_KYOTO_03,ミラキュラスアース,4,"[{""label"": ""好枠(内)"", ""type"": ""neutral""}]",18頭立て中、AIによる総合指数は13位（スコア: 21.7）。トップとの指数差が70.3とやや開いており、能力だけでねじ伏せるには厳しい。上位進出には展開の助けや極端な馬場バイアスが必要になるだろう。内枠（2枠）を引き当てたことでロスなく立ち回れるのは大きなプラス材料。鞍上の吉村騎手がいかに内を捌いて導くかが勝負の分かれ目になりそうだ。
20260503_KYOTO_03,ハヤテノオジョー,18,"[{""label"": ""外枠"", ""type"": ""neutral""}]",18頭立て中、AIによる総合指数は14位（スコア: 21.6）。トップとの指数差が70.4とやや開いており、能力だけでねじ伏せるには厳しい。上位進出には展開の助けや極端な馬場バイアスが必要になるだろう。外枠（8枠）に入ったことで距離ロスや展開の不利を受けるリスクがある。鮫島駿騎手の手腕によるポジション取りがカギを握る。
20260503_KYOTO_03,ワンワールド,14,"[{""label"": ""外枠"", ""type"": ""neutral""}]",18頭立て中、AIによる総合指数は15位（スコア: 20.8）。トップとの指数差が71.2とやや開いており、能力だけでねじ伏せるには厳しい。上位進出には展開の助けや極端な馬場バイアスが必要になるだろう。外枠（7枠）に入ったことで距離ロスや展開の不利を受けるリスクがある。酒井騎手の手腕によるポジション取りがカギを握る。
20260503_KYOTO_03,グッデイ,12,[],18頭立て中、AIによる総合指数は16位（スコア: 20.2）。トップとの指数差が71.8とやや開いており、能力だけでねじ伏せるには厳しい。上位進出には展開の助けや極端な馬場バイアスが必要になるだろう。鞍上は秋山稔騎手が務める。極端な不利のない枠番から、馬の持ち味をどう引き出すか注目したい。
20260503_KYOTO_03,カモメガトンダ,16,"[{""label"": ""外枠"", ""type"": ""neutral""}]",18頭立て中、AIによる総合指数は17位（スコア: 20.2）。トップとの指数差が71.8とやや開いており、能力だけでねじ伏せるには厳しい。上位進出には展開の助けや極端な馬場バイアスが必要になるだろう。外枠（8枠）に入ったことで距離ロスや展開の不利を受けるリスクがある。松若騎手の手腕によるポジション取りがカギを握る。
20260503_KYOTO_03,ノーブルサンライズ,15,"[{""label"": ""外枠"", ""type"": ""neutral""}]",18頭立て中、AIによる総合指数は18位（スコア: 20.0）。トップとの指数差が72.0とやや開いており、能力だけでねじ伏せるには厳しい。上位進出には展開の助けや極端な馬場バイアスが必要になるだろう。外枠（7枠）に入ったことで距離ロスや展開の不利を受けるリスクがある。国分優騎手の手腕によるポジション取りがカギを握る。
20260503_KYOTO_04,ニキータ,12,"[{""label"": ""AI本命◎"", ""type"": ""good""}]",18頭立て中、AIによる総合指数は1位（スコア: 92.0）。本モデルが算出した各種ファクターの中で最も高い評価を獲得しており、今回のレースにおける絶対的な中心候補だ。鞍上はMデムーロ騎手が務める。極端な不利のない枠番から、馬の持ち味をどう引き出すか注目したい。
20260503_KYOTO_04,シルヴァークラウン,7,"[{""label"": ""対抗○"", ""type"": ""good""}]",18頭立て中、AIによる総合指数は2位（スコア: 61.2）。指数トップの馬とはわずか30.8ポイント差に迫っており、展開の綾や枠順の利で十分に逆転可能な圏内にいる。鞍上は国分優騎手が務める。極端な不利のない枠番から、馬の持ち味をどう引き出すか注目したい。
20260503_KYOTO_04,ラガーダブルエイト,14,"[{""label"": ""外枠"", ""type"": ""neutral""}]",18頭立て中、AIによる総合指数は3位（スコア: 57.2）。上位馬と遜色ない能力スコアをマークしており、連軸やフォーメーションの2列目として馬券内に食い込むポテンシャルは極めて高い。外枠（7枠）に入ったことで距離ロスや展開の不利を受けるリスクがある。荻野琢騎手の手腕によるポジション取りがカギを握る。
20260503_KYOTO_04,パルフルール,18,"[{""label"": ""外枠"", ""type"": ""neutral""}]",18頭立て中、AIによる総合指数は4位（スコア: 38.0）。上位馬と遜色ない能力スコアをマークしており、連軸やフォーメーションの2列目として馬券内に食い込むポテンシャルは極めて高い。外枠（8枠）に入ったことで距離ロスや展開の不利を受けるリスクがある。北村友騎手の手腕によるポジション取りがカギを握る。
20260503_KYOTO_04,サンマルマニック,2,"[{""label"": ""好枠(内)"", ""type"": ""neutral""}]",18頭立て中、AIによる総合指数は5位（スコア: 30.7）。トップとの指数差が61.3とやや開いており、能力だけでねじ伏せるには厳しい。上位進出には展開の助けや極端な馬場バイアスが必要になるだろう。内枠（1枠）を引き当てたことでロスなく立ち回れるのは大きなプラス材料。鞍上の藤懸騎手がいかに内を捌いて導くかが勝負の分かれ目になりそうだ。
20260503_KYOTO_04,タイガーロード,4,"[{""label"": ""好枠(内)"", ""type"": ""neutral""}]",18頭立て中、AIによる総合指数は6位（スコア: 27.0）。トップとの指数差が65.0とやや開いており、能力だけでねじ伏せるには厳しい。上位進出には展開の助けや極端な馬場バイアスが必要になるだろう。内枠（2枠）を引き当てたことでロスなく立ち回れるのは大きなプラス材料。鞍上の酒井騎手がいかに内を捌いて導くかが勝負の分かれ目になりそうだ。
20260503_KYOTO_04,タナブイハチターボ,5,[],18頭立て中、AIによる総合指数は7位（スコア: 24.5）。トップとの指数差が67.5とやや開いており、能力だけでねじ伏せるには厳しい。上位進出には展開の助けや極端な馬場バイアスが必要になるだろう。鞍上は古川吉騎手が務める。極端な不利のない枠番から、馬の持ち味をどう引き出すか注目したい。
20260503_KYOTO_04,ダノンプレリュード,15,"[{""label"": ""外枠"", ""type"": ""neutral""}]",18頭立て中、AIによる総合指数は8位（スコア: 24.4）。トップとの指数差が67.6とやや開いており、能力だけでねじ伏せるには厳しい。上位進出には展開の助けや極端な馬場バイアスが必要になるだろう。外枠（7枠）に入ったことで距離ロスや展開の不利を受けるリスクがある。団野騎手の手腕によるポジション取りがカギを握る。
20260503_KYOTO_04,ジュエルブリス,3,"[{""label"": ""好枠(内)"", ""type"": ""neutral""}]",18頭立て中、AIによる総合指数は9位（スコア: 24.2）。トップとの指数差が67.8とやや開いており、能力だけでねじ伏せるには厳しい。上位進出には展開の助けや極端な馬場バイアスが必要になるだろう。内枠（2枠）を引き当てたことでロスなく立ち回れるのは大きなプラス材料。鞍上の鮫島駿騎手がいかに内を捌いて導くかが勝負の分かれ目になりそうだ。
20260503_KYOTO_04,リアンマヒナ,6,[],18頭立て中、AIによる総合指数は10位（スコア: 23.7）。トップとの指数差が68.3とやや開いており、能力だけでねじ伏せるには厳しい。上位進出には展開の助けや極端な馬場バイアスが必要になるだろう。鞍上は岩田望騎手が務める。極端な不利のない枠番から、馬の持ち味をどう引き出すか注目したい。
20260503_KYOTO_04,サトノフレイ,17,"[{""label"": ""外枠"", ""type"": ""neutral""}]",18頭立て中、AIによる総合指数は11位（スコア: 23.2）。トップとの指数差が68.8とやや開いており、能力だけでねじ伏せるには厳しい。上位進出には展開の助けや極端な馬場バイアスが必要になるだろう。外枠（8枠）に入ったことで距離ロスや展開の不利を受けるリスクがある。川田騎手の手腕によるポジション取りがカギを握る。
20260503_KYOTO_04,ゴッドアイ,13,"[{""label"": ""外枠"", ""type"": ""neutral""}]",18頭立て中、AIによる総合指数は12位（スコア: 23.1）。トップとの指数差が68.9とやや開いており、能力だけでねじ伏せるには厳しい。上位進出には展開の助けや極端な馬場バイアスが必要になるだろう。外枠（7枠）に入ったことで距離ロスや展開の不利を受けるリスクがある。松山騎手の手腕によるポジション取りがカギを握る。
20260503_KYOTO_04,レッドアイスビア,8,[],18頭立て中、AIによる総合指数は13位（スコア: 22.9）。トップとの指数差が69.1とやや開いており、能力だけでねじ伏せるには厳しい。上位進出には展開の助けや極端な馬場バイアスが必要になるだろう。鞍上は角田和騎手が務める。極端な不利のない枠番から、馬の持ち味をどう引き出すか注目したい。
20260503_KYOTO_04,アラビアンジョイ,11,[],18頭立て中、AIによる総合指数は14位（スコア: 21.8）。トップとの指数差が70.2とやや開いており、能力だけでねじ伏せるには厳しい。上位進出には展開の助けや極端な馬場バイアスが必要になるだろう。鞍上は吉村騎手が務める。極端な不利のない枠番から、馬の持ち味をどう引き出すか注目したい。
20260503_KYOTO_04,オースミサイファー,1,"[{""label"": ""AI穴▲"", ""type"": ""good""}, {""label"": ""好枠(内)"", ""type"": ""neutral""}]",18頭立て中、AIによる総合指数は15位（スコア: 21.4）。トップとの指数差が70.6とやや開いており、能力だけでねじ伏せるには厳しい。上位進出には展開の助けや極端な馬場バイアスが必要になるだろう。内枠（1枠）を引き当てたことでロスなく立ち回れるのは大きなプラス材料。鞍上の国分恭騎手がいかに内を捌いて導くかが勝負の分かれ目になりそうだ。
20260503_KYOTO_04,ロングジーニアス,16,"[{""label"": ""外枠"", ""type"": ""neutral""}]",18頭立て中、AIによる総合指数は16位（スコア: 20.7）。トップとの指数差が71.3とやや開いており、能力だけでねじ伏せるには厳しい。上位進出には展開の助けや極端な馬場バイアスが必要になるだろう。外枠（8枠）に入ったことで距離ロスや展開の不利を受けるリスクがある。松若騎手の手腕によるポジション取りがカギを握る。
20260503_KYOTO_04,アスターリコッタ,9,[],18頭立て中、AIによる総合指数は17位（スコア: 20.1）。トップとの指数差が71.9とやや開いており、能力だけでねじ伏せるには厳しい。上位進出には展開の助けや極端な馬場バイアスが必要になるだろう。鞍上は菱田騎手が務める。極端な不利のない枠番から、馬の持ち味をどう引き出すか注目したい。
20260503_KYOTO_04,ハイラブエナン,10,[],18頭立て中、AIによる総合指数は18位（スコア: 20.0）。トップとの指数差が72.0とやや開いており、能力だけでねじ伏せるには厳しい。上位進出には展開の助けや極端な馬場バイアスが必要になるだろう。鞍上は▲川端騎手が務める。極端な不利のない枠番から、馬の持ち味をどう引き出すか注目したい。
20260503_KYOTO_05,スリーキズナヒメ,5,"[{""label"": ""AI本命◎"", ""type"": ""good""}]",13頭立て中、AIによる総合指数は1位（スコア: 92.0）。本モデルが算出した各種ファクターの中で最も高い評価を獲得しており、今回のレースにおける絶対的な中心候補だ。鞍上は松若騎手が務める。極端な不利のない枠番から、馬の持ち味をどう引き出すか注目したい。
20260503_KYOTO_05,ラヴズプレミアム,3,"[{""label"": ""対抗○"", ""type"": ""good""}]",13頭立て中、AIによる総合指数は2位（スコア: 66.3）。指数トップの馬とはわずか25.7ポイント差に迫っており、展開の綾や枠順の利で十分に逆転可能な圏内にいる。鞍上は北村友騎手が務める。極端な不利のない枠番から、馬の持ち味をどう引き出すか注目したい。
20260503_KYOTO_05,ダノンワンダー,1,"[{""label"": ""好枠(内)"", ""type"": ""neutral""}]",13頭立て中、AIによる総合指数は3位（スコア: 51.5）。上位馬と遜色ない能力スコアをマークしており、連軸やフォーメーションの2列目として馬券内に食い込むポテンシャルは極めて高い。内枠（1枠）を引き当てたことでロスなく立ち回れるのは大きなプラス材料。鞍上の岩田望騎手がいかに内を捌いて導くかが勝負の分かれ目になりそうだ。
20260503_KYOTO_05,ラルヴァンダード,11,"[{""label"": ""外枠"", ""type"": ""neutral""}]",13頭立て中、AIによる総合指数は4位（スコア: 47.6）。上位馬と遜色ない能力スコアをマークしており、連軸やフォーメーションの2列目として馬券内に食い込むポテンシャルは極めて高い。外枠（11枠）に入ったことで距離ロスや展開の不利を受けるリスクがある。鮫島駿騎手の手腕によるポジション取りがカギを握る。
20260503_KYOTO_05,ロードスタニング,6,"[{""label"": ""過剰人気"", ""type"": ""bad""}]",13頭立て中、AIによる総合指数は5位（スコア: 30.8）。トップとの指数差が61.2とやや開いており、能力だけでねじ伏せるには厳しい。上位進出には展開の助けや極端な馬場バイアスが必要になるだろう。単勝1.5倍と世間の人気は一本被りしているが、AIの勝率評価は0.5%と辛口。期待値の観点からは過剰人気気味であり、配当妙味を考えると少し疑ってかかりたい存在だ。鞍上は川田騎手が務める。極端な不利のない枠番から、馬の持ち味をどう引き出すか注目したい。
20260503_KYOTO_05,シャイニングスター,7,"[{""label"": ""AI穴▲"", ""type"": ""good""}, {""label"": ""外枠"", ""type"": ""neutral""}]",13頭立て中、AIによる総合指数は6位（スコア: 27.3）。トップとの指数差が64.7とやや開いており、能力だけでねじ伏せるには厳しい。上位進出には展開の助けや極端な馬場バイアスが必要になるだろう。外枠（7枠）に入ったことで距離ロスや展開の不利を受けるリスクがある。吉村騎手の手腕によるポジション取りがカギを握る。
20260503_KYOTO_05,ピースペシフィック,2,"[{""label"": ""好枠(内)"", ""type"": ""neutral""}]",13頭立て中、AIによる総合指数は7位（スコア: 27.0）。トップとの指数差が65.0とやや開いており、能力だけでねじ伏せるには厳しい。上位進出には展開の助けや極端な馬場バイアスが必要になるだろう。内枠（2枠）を引き当てたことでロスなく立ち回れるのは大きなプラス材料。鞍上の池添騎手がいかに内を捌いて導くかが勝負の分かれ目になりそうだ。
20260503_KYOTO_05,ソルトハッピー,10,"[{""label"": ""外枠"", ""type"": ""neutral""}]",13頭立て中、AIによる総合指数は8位（スコア: 25.1）。トップとの指数差が66.9とやや開いており、能力だけでねじ伏せるには厳しい。上位進出には展開の助けや極端な馬場バイアスが必要になるだろう。外枠（10枠）に入ったことで距離ロスや展開の不利を受けるリスクがある。団野騎手の手腕によるポジション取りがカギを握る。
20260503_KYOTO_05,スーパービジー,12,"[{""label"": ""外枠"", ""type"": ""neutral""}]",13頭立て中、AIによる総合指数は9位（スコア: 21.4）。トップとの指数差が70.6とやや開いており、能力だけでねじ伏せるには厳しい。上位進出には展開の助けや極端な馬場バイアスが必要になるだろう。外枠（12枠）に入ったことで距離ロスや展開の不利を受けるリスクがある。幸騎手の手腕によるポジション取りがカギを握る。
20260503_KYOTO_05,ルクスディグニティ,13,"[{""label"": ""外枠"", ""type"": ""neutral""}]",13頭立て中、AIによる総合指数は10位（スコア: 21.2）。トップとの指数差が70.8とやや開いており、能力だけでねじ伏せるには厳しい。上位進出には展開の助けや極端な馬場バイアスが必要になるだろう。外枠（13枠）に入ったことで距離ロスや展開の不利を受けるリスクがある。岩部騎手の手腕によるポジション取りがカギを握る。
20260503_KYOTO_05,テイクザスローン,4,[],13頭立て中、AIによる総合指数は11位（スコア: 20.1）。トップとの指数差が71.9とやや開いており、能力だけでねじ伏せるには厳しい。上位進出には展開の助けや極端な馬場バイアスが必要になるだろう。鞍上は高倉騎手が務める。極端な不利のない枠番から、馬の持ち味をどう引き出すか注目したい。
20260503_KYOTO_05,シャインヴィーラ,9,"[{""label"": ""外枠"", ""type"": ""neutral""}]",13頭立て中、AIによる総合指数は12位（スコア: 20.0）。トップとの指数差が72.0とやや開いており、能力だけでねじ伏せるには厳しい。上位進出には展開の助けや極端な馬場バイアスが必要になるだろう。外枠（9枠）に入ったことで距離ロスや展開の不利を受けるリスクがある。太宰騎手の手腕によるポジション取りがカギを握る。
20260503_KYOTO_05,ホワイトラバーズ,8,"[{""label"": ""外枠"", ""type"": ""neutral""}]",13頭立て中、AIによる総合指数は13位（スコア: 20.0）。トップとの指数差が72.0とやや開いており、能力だけでねじ伏せるには厳しい。上位進出には展開の助けや極端な馬場バイアスが必要になるだろう。外枠（8枠）に入ったことで距離ロスや展開の不利を受けるリスクがある。国分優騎手の手腕によるポジション取りがカギを握る。
20260503_KYOTO_06,シュドゥン,7,"[{""label"": ""AI本命◎"", ""type"": ""good""}]",11頭立て中、AIによる総合指数は1位（スコア: 92.0）。本モデルが算出した各種ファクターの中で最も高い評価を獲得しており、今回のレースにおける絶対的な中心候補だ。鞍上は池添騎手が務める。極端な不利のない枠番から、馬の持ち味をどう引き出すか注目したい。
20260503_KYOTO_06,デルマサクラサク,1,"[{""label"": ""対抗○"", ""type"": ""good""}]",11頭立て中、AIによる総合指数は2位（スコア: 24.2）。指数トップの馬とはわずか67.8ポイント差に迫っており、展開の綾や枠順の利で十分に逆転可能な圏内にいる。内枠（1枠）を引き当てたことでロスなく立ち回れるのは大きなプラス材料。鞍上の鮫島駿騎手がいかに内を捌いて導くかが勝負の分かれ目になりそうだ。
20260503_KYOTO_06,マーゴットレジーナ,10,[],11頭立て中、AIによる総合指数は3位（スコア: 22.5）。上位馬と遜色ない能力スコアをマークしており、連軸やフォーメーションの2列目として馬券内に食い込むポテンシャルは極めて高い。鞍上は角田和騎手が務める。極端な不利のない枠番から、馬の持ち味をどう引き出すか注目したい。
20260503_KYOTO_06,ラテライト,3,"[{""label"": ""AI穴▲"", ""type"": ""good""}]",11頭立て中、AIによる総合指数は4位（スコア: 21.8）。上位馬と遜色ない能力スコアをマークしており、連軸やフォーメーションの2列目として馬券内に食い込むポテンシャルは極めて高い。鞍上は菱田騎手が務める。極端な不利のない枠番から、馬の持ち味をどう引き出すか注目したい。
20260503_KYOTO_06,アリストクラシア,4,[],11頭立て中、AIによる総合指数は5位（スコア: 21.7）。トップとの指数差が70.3とやや開いており、能力だけでねじ伏せるには厳しい。上位進出には展開の助けや極端な馬場バイアスが必要になるだろう。鞍上は岩田望騎手が務める。極端な不利のない枠番から、馬の持ち味をどう引き出すか注目したい。
20260503_KYOTO_06,アリュールテーラー,8,[],11頭立て中、AIによる総合指数は6位（スコア: 21.4）。トップとの指数差が70.6とやや開いており、能力だけでねじ伏せるには厳しい。上位進出には展開の助けや極端な馬場バイアスが必要になるだろう。鞍上は国分優騎手が務める。極端な不利のない枠番から、馬の持ち味をどう引き出すか注目したい。
20260503_KYOTO_06,バシリス,6,[],11頭立て中、AIによる総合指数は7位（スコア: 21.2）。トップとの指数差が70.8とやや開いており、能力だけでねじ伏せるには厳しい。上位進出には展開の助けや極端な馬場バイアスが必要になるだろう。鞍上は松山騎手が務める。極端な不利のない枠番から、馬の持ち味をどう引き出すか注目したい。
20260503_KYOTO_06,シゲルオトヒメ,5,[],11頭立て中、AIによる総合指数は8位（スコア: 21.0）。トップとの指数差が71.0とやや開いており、能力だけでねじ伏せるには厳しい。上位進出には展開の助けや極端な馬場バイアスが必要になるだろう。鞍上は酒井騎手が務める。極端な不利のない枠番から、馬の持ち味をどう引き出すか注目したい。
20260503_KYOTO_06,アロマフェリス,11,[],11頭立て中、AIによる総合指数は9位（スコア: 20.8）。トップとの指数差が71.2とやや開いており、能力だけでねじ伏せるには厳しい。上位進出には展開の助けや極端な馬場バイアスが必要になるだろう。鞍上は川田騎手が務める。極端な不利のない枠番から、馬の持ち味をどう引き出すか注目したい。
20260503_KYOTO_06,ニホンピロマリンバ,9,[],11頭立て中、AIによる総合指数は10位（スコア: 20.7）。トップとの指数差が71.3とやや開いており、能力だけでねじ伏せるには厳しい。上位進出には展開の助けや極端な馬場バイアスが必要になるだろう。鞍上は幸騎手が務める。極端な不利のない枠番から、馬の持ち味をどう引き出すか注目したい。
20260503_KYOTO_06,メイショウウメゴチ,2,[],11頭立て中、AIによる総合指数は11位（スコア: 20.0）。トップとの指数差が72.0とやや開いており、能力だけでねじ伏せるには厳しい。上位進出には展開の助けや極端な馬場バイアスが必要になるだろう。内枠（2枠）を引き当てたことでロスなく立ち回れるのは大きなプラス材料。鞍上の藤懸騎手がいかに内を捌いて導くかが勝負の分かれ目になりそうだ。
20260503_KYOTO_07,スウィッチインラヴ,4,"[{""label"": ""AI本命◎"", ""type"": ""good""}]",12頭立て中、AIによる総合指数は1位（スコア: 92.0）。本モデルが算出した各種ファクターの中で最も高い評価を獲得しており、今回のレースにおける絶対的な中心候補だ。鞍上は北村友騎手が務める。極端な不利のない枠番から、馬の持ち味をどう引き出すか注目したい。
20260503_KYOTO_07,カクウチ,10,"[{""label"": ""対抗○"", ""type"": ""good""}, {""label"": ""外枠"", ""type"": ""neutral""}]",12頭立て中、AIによる総合指数は2位（スコア: 51.4）。指数トップの馬とはわずか40.6ポイント差に迫っており、展開の綾や枠順の利で十分に逆転可能な圏内にいる。外枠（10枠）に入ったことで距離ロスや展開の不利を受けるリスクがある。菱田騎手の手腕によるポジション取りがカギを握る。
20260503_KYOTO_07,アンディムジーク,11,"[{""label"": ""外枠"", ""type"": ""neutral""}]",12頭立て中、AIによる総合指数は3位（スコア: 49.0）。上位馬と遜色ない能力スコアをマークしており、連軸やフォーメーションの2列目として馬券内に食い込むポテンシャルは極めて高い。外枠（11枠）に入ったことで距離ロスや展開の不利を受けるリスクがある。団野騎手の手腕によるポジション取りがカギを握る。
20260503_KYOTO_07,トライアンフパス,2,"[{""label"": ""AI穴▲"", ""type"": ""good""}, {""label"": ""好枠(内)"", ""type"": ""neutral""}]",12頭立て中、AIによる総合指数は4位（スコア: 46.5）。上位馬と遜色ない能力スコアをマークしており、連軸やフォーメーションの2列目として馬券内に食い込むポテンシャルは極めて高い。内枠（2枠）を引き当てたことでロスなく立ち回れるのは大きなプラス材料。鞍上の国分恭騎手がいかに内を捌いて導くかが勝負の分かれ目になりそうだ。
20260503_KYOTO_07,ファニーバニー,12,"[{""label"": ""外枠"", ""type"": ""neutral""}]",12頭立て中、AIによる総合指数は5位（スコア: 42.7）。トップとの指数差が49.3とやや開いており、能力だけでねじ伏せるには厳しい。上位進出には展開の助けや極端な馬場バイアスが必要になるだろう。外枠（12枠）に入ったことで距離ロスや展開の不利を受けるリスクがある。鮫島駿騎手の手腕によるポジション取りがカギを握る。
20260503_KYOTO_07,ネネキリマル,6,[],12頭立て中、AIによる総合指数は6位（スコア: 39.0）。トップとの指数差が53.0とやや開いており、能力だけでねじ伏せるには厳しい。上位進出には展開の助けや極端な馬場バイアスが必要になるだろう。鞍上は松若騎手が務める。極端な不利のない枠番から、馬の持ち味をどう引き出すか注目したい。
20260503_KYOTO_07,フロムレイブン,8,"[{""label"": ""外枠"", ""type"": ""neutral""}]",12頭立て中、AIによる総合指数は7位（スコア: 37.8）。トップとの指数差が54.2とやや開いており、能力だけでねじ伏せるには厳しい。上位進出には展開の助けや極端な馬場バイアスが必要になるだろう。外枠（8枠）に入ったことで距離ロスや展開の不利を受けるリスクがある。岩田望騎手の手腕によるポジション取りがカギを握る。
20260503_KYOTO_07,マイティキングダム,7,"[{""label"": ""外枠"", ""type"": ""neutral""}]",12頭立て中、AIによる総合指数は8位（スコア: 33.4）。トップとの指数差が58.6とやや開いており、能力だけでねじ伏せるには厳しい。上位進出には展開の助けや極端な馬場バイアスが必要になるだろう。外枠（7枠）に入ったことで距離ロスや展開の不利を受けるリスクがある。松山騎手の手腕によるポジション取りがカギを握る。
20260503_KYOTO_07,アルスマグナ,9,"[{""label"": ""外枠"", ""type"": ""neutral""}]",12頭立て中、AIによる総合指数は9位（スコア: 33.1）。トップとの指数差が58.9とやや開いており、能力だけでねじ伏せるには厳しい。上位進出には展開の助けや極端な馬場バイアスが必要になるだろう。外枠（9枠）に入ったことで距離ロスや展開の不利を受けるリスクがある。幸騎手の手腕によるポジション取りがカギを握る。
20260503_KYOTO_07,ファムマルキーズ,5,[],12頭立て中、AIによる総合指数は10位（スコア: 31.9）。トップとの指数差が60.1とやや開いており、能力だけでねじ伏せるには厳しい。上位進出には展開の助けや極端な馬場バイアスが必要になるだろう。鞍上は吉村騎手が務める。極端な不利のない枠番から、馬の持ち味をどう引き出すか注目したい。
20260503_KYOTO_07,ミルトベスト,1,"[{""label"": ""好枠(内)"", ""type"": ""neutral""}]",12頭立て中、AIによる総合指数は11位（スコア: 31.6）。トップとの指数差が60.4とやや開いており、能力だけでねじ伏せるには厳しい。上位進出には展開の助けや極端な馬場バイアスが必要になるだろう。内枠（1枠）を引き当てたことでロスなく立ち回れるのは大きなプラス材料。鞍上の藤懸騎手がいかに内を捌いて導くかが勝負の分かれ目になりそうだ。
20260503_KYOTO_07,テーオーアンジェラ,3,[],12頭立て中、AIによる総合指数は12位（スコア: 20.0）。トップとの指数差が72.0とやや開いており、能力だけでねじ伏せるには厳しい。上位進出には展開の助けや極端な馬場バイアスが必要になるだろう。鞍上は古川吉騎手が務める。極端な不利のない枠番から、馬の持ち味をどう引き出すか注目したい。
20260503_KYOTO_08,ソリスディエス,5,"[{""label"": ""AI本命◎"", ""type"": ""good""}]",13頭立て中、AIによる総合指数は1位（スコア: 92.0）。本モデルが算出した各種ファクターの中で最も高い評価を獲得しており、今回のレースにおける絶対的な中心候補だ。鞍上は松若騎手が務める。極端な不利のない枠番から、馬の持ち味をどう引き出すか注目したい。
20260503_KYOTO_08,ニホンピロカラット,8,"[{""label"": ""対抗○"", ""type"": ""good""}, {""label"": ""過剰人気"", ""type"": ""bad""}, {""label"": ""外枠"", ""type"": ""neutral""}]",13頭立て中、AIによる総合指数は2位（スコア: 26.7）。指数トップの馬とはわずか65.3ポイント差に迫っており、展開の綾や枠順の利で十分に逆転可能な圏内にいる。単勝2.1倍と世間の人気は一本被りしているが、AIの勝率評価は0.4%と辛口。期待値の観点からは過剰人気気味であり、配当妙味を考えると少し疑ってかかりたい存在だ。外枠（8枠）に入ったことで距離ロスや展開の不利を受けるリスクがある。浜中騎手の手腕によるポジション取りがカギを握る。
20260503_KYOTO_08,ザングウィル,9,"[{""label"": ""外枠"", ""type"": ""neutral""}]",13頭立て中、AIによる総合指数は3位（スコア: 24.2）。上位馬と遜色ない能力スコアをマークしており、連軸やフォーメーションの2列目として馬券内に食い込むポテンシャルは極めて高い。外枠（9枠）に入ったことで距離ロスや展開の不利を受けるリスクがある。岩田望騎手の手腕によるポジション取りがカギを握る。
20260503_KYOTO_08,ハミルトン,7,"[{""label"": ""外枠"", ""type"": ""neutral""}]",13頭立て中、AIによる総合指数は4位（スコア: 23.3）。上位馬と遜色ない能力スコアをマークしており、連軸やフォーメーションの2列目として馬券内に食い込むポテンシャルは極めて高い。外枠（7枠）に入ったことで距離ロスや展開の不利を受けるリスクがある。松山騎手の手腕によるポジション取りがカギを握る。
20260503_KYOTO_08,セルズパワー,11,"[{""label"": ""外枠"", ""type"": ""neutral""}]",13頭立て中、AIによる総合指数は5位（スコア: 22.3）。トップとの指数差が69.7とやや開いており、能力だけでねじ伏せるには厳しい。上位進出には展開の助けや極端な馬場バイアスが必要になるだろう。外枠（11枠）に入ったことで距離ロスや展開の不利を受けるリスクがある。鮫島駿騎手の手腕によるポジション取りがカギを握る。
20260503_KYOTO_08,ウォーターパラディ,4,[],13頭立て中、AIによる総合指数は6位（スコア: 22.1）。トップとの指数差が69.9とやや開いており、能力だけでねじ伏せるには厳しい。上位進出には展開の助けや極端な馬場バイアスが必要になるだろう。鞍上は国分恭騎手が務める。極端な不利のない枠番から、馬の持ち味をどう引き出すか注目したい。
20260503_KYOTO_08,ハイクライテリア,1,"[{""label"": ""AI穴▲"", ""type"": ""good""}, {""label"": ""好枠(内)"", ""type"": ""neutral""}]",13頭立て中、AIによる総合指数は7位（スコア: 20.8）。トップとの指数差が71.2とやや開いており、能力だけでねじ伏せるには厳しい。上位進出には展開の助けや極端な馬場バイアスが必要になるだろう。内枠（1枠）を引き当てたことでロスなく立ち回れるのは大きなプラス材料。鞍上の国分優騎手がいかに内を捌いて導くかが勝負の分かれ目になりそうだ。
20260503_KYOTO_08,イーサンハンター,6,[],13頭立て中、AIによる総合指数は8位（スコア: 20.7）。トップとの指数差が71.3とやや開いており、能力だけでねじ伏せるには厳しい。上位進出には展開の助けや極端な馬場バイアスが必要になるだろう。鞍上は城戸騎手が務める。極端な不利のない枠番から、馬の持ち味をどう引き出すか注目したい。
20260503_KYOTO_08,ミルトライディーン,2,"[{""label"": ""好枠(内)"", ""type"": ""neutral""}]",13頭立て中、AIによる総合指数は9位（スコア: 20.4）。トップとの指数差が71.6とやや開いており、能力だけでねじ伏せるには厳しい。上位進出には展開の助けや極端な馬場バイアスが必要になるだろう。内枠（2枠）を引き当てたことでロスなく立ち回れるのは大きなプラス材料。鞍上の幸騎手がいかに内を捌いて導くかが勝負の分かれ目になりそうだ。
20260503_KYOTO_08,リアルスター,12,"[{""label"": ""外枠"", ""type"": ""neutral""}]",13頭立て中、AIによる総合指数は10位（スコア: 20.3）。トップとの指数差が71.7とやや開いており、能力だけでねじ伏せるには厳しい。上位進出には展開の助けや極端な馬場バイアスが必要になるだろう。外枠（12枠）に入ったことで距離ロスや展開の不利を受けるリスクがある。秋山稔騎手の手腕によるポジション取りがカギを握る。
20260503_KYOTO_08,ジョードリウム,10,"[{""label"": ""外枠"", ""type"": ""neutral""}]",13頭立て中、AIによる総合指数は11位（スコア: 20.3）。トップとの指数差が71.7とやや開いており、能力だけでねじ伏せるには厳しい。上位進出には展開の助けや極端な馬場バイアスが必要になるだろう。外枠（10枠）に入ったことで距離ロスや展開の不利を受けるリスクがある。吉村騎手の手腕によるポジション取りがカギを握る。
20260503_KYOTO_08,ルディシャ,13,"[{""label"": ""外枠"", ""type"": ""neutral""}]",13頭立て中、AIによる総合指数は12位（スコア: 20.3）。トップとの指数差が71.7とやや開いており、能力だけでねじ伏せるには厳しい。上位進出には展開の助けや極端な馬場バイアスが必要になるだろう。外枠（13枠）に入ったことで距離ロスや展開の不利を受けるリスクがある。菱田騎手の手腕によるポジション取りがカギを握る。
20260503_KYOTO_08,クリオシダード,3,[],13頭立て中、AIによる総合指数は13位（スコア: 20.0）。トップとの指数差が72.0とやや開いており、能力だけでねじ伏せるには厳しい。上位進出には展開の助けや極端な馬場バイアスが必要になるだろう。鞍上は長岡騎手が務める。極端な不利のない枠番から、馬の持ち味をどう引き出すか注目したい。
20260503_KYOTO_09,クリスレジーナ,5,"[{""label"": ""AI本命◎"", ""type"": ""good""}]",9頭立て中、AIによる総合指数は1位（スコア: 92.0）。本モデルが算出した各種ファクターの中で最も高い評価を獲得しており、今回のレースにおける絶対的な中心候補だ。鞍上は鮫島駿騎手が務める。極端な不利のない枠番から、馬の持ち味をどう引き出すか注目したい。
20260503_KYOTO_09,トリニティ,7,"[{""label"": ""対抗○"", ""type"": ""good""}]",9頭立て中、AIによる総合指数は2位（スコア: 83.8）。指数トップの馬とはわずか8.2ポイント差に迫っており、展開の綾や枠順の利で十分に逆転可能な圏内にいる。鞍上は岩田望騎手が務める。極端な不利のない枠番から、馬の持ち味をどう引き出すか注目したい。
20260503_KYOTO_09,デルマホダカ,8,[],9頭立て中、AIによる総合指数は3位（スコア: 42.8）。上位馬と遜色ない能力スコアをマークしており、連軸やフォーメーションの2列目として馬券内に食い込むポテンシャルは極めて高い。鞍上は古川吉騎手が務める。極端な不利のない枠番から、馬の持ち味をどう引き出すか注目したい。
20260503_KYOTO_09,ララオウ,3,[],9頭立て中、AIによる総合指数は4位（スコア: 32.0）。上位馬と遜色ない能力スコアをマークしており、連軸やフォーメーションの2列目として馬券内に食い込むポテンシャルは極めて高い。鞍上は浜中騎手が務める。極端な不利のない枠番から、馬の持ち味をどう引き出すか注目したい。
20260503_KYOTO_09,エイズルブルーム,6,[],9頭立て中、AIによる総合指数は5位（スコア: 21.2）。トップとの指数差が70.8とやや開いており、能力だけでねじ伏せるには厳しい。上位進出には展開の助けや極端な馬場バイアスが必要になるだろう。鞍上は池添騎手が務める。極端な不利のない枠番から、馬の持ち味をどう引き出すか注目したい。
20260503_KYOTO_09,ロングトールサリー,1,"[{""label"": ""過剰人気"", ""type"": ""bad""}]",9頭立て中、AIによる総合指数は6位（スコア: 20.6）。トップとの指数差が71.4とやや開いており、能力だけでねじ伏せるには厳しい。上位進出には展開の助けや極端な馬場バイアスが必要になるだろう。単勝1.8倍と世間の人気は一本被りしているが、AIの勝率評価は0.4%と辛口。期待値の観点からは過剰人気気味であり、配当妙味を考えると少し疑ってかかりたい存在だ。内枠（1枠）を引き当てたことでロスなく立ち回れるのは大きなプラス材料。鞍上の川田騎手がいかに内を捌いて導くかが勝負の分かれ目になりそうだ。
20260503_KYOTO_09,レイクラシック,9,[],9頭立て中、AIによる総合指数は7位（スコア: 20.1）。トップとの指数差が71.9とやや開いており、能力だけでねじ伏せるには厳しい。上位進出には展開の助けや極端な馬場バイアスが必要になるだろう。鞍上は松山騎手が務める。極端な不利のない枠番から、馬の持ち味をどう引き出すか注目したい。
20260503_KYOTO_09,リュクスパトロール,4,[],9頭立て中、AIによる総合指数は8位（スコア: 20.0）。トップとの指数差が72.0とやや開いており、能力だけでねじ伏せるには厳しい。上位進出には展開の助けや極端な馬場バイアスが必要になるだろう。鞍上は団野騎手が務める。極端な不利のない枠番から、馬の持ち味をどう引き出すか注目したい。
20260503_KYOTO_09,ヴィスコンテッサ,2,"[{""label"": ""AI穴▲"", ""type"": ""good""}]",9頭立て中、AIによる総合指数は9位（スコア: 20.0）。トップとの指数差が72.0とやや開いており、能力だけでねじ伏せるには厳しい。上位進出には展開の助けや極端な馬場バイアスが必要になるだろう。内枠（2枠）を引き当てたことでロスなく立ち回れるのは大きなプラス材料。鞍上の吉村騎手がいかに内を捌いて導くかが勝負の分かれ目になりそうだ。
20260503_KYOTO_10,セルヴァンス,10,"[{""label"": ""AI本命◎"", ""type"": ""good""}, {""label"": ""外枠"", ""type"": ""neutral""}]",12頭立て中、AIによる総合指数は1位（スコア: 92.0）。本モデルが算出した各種ファクターの中で最も高い評価を獲得しており、今回のレースにおける絶対的な中心候補だ。外枠（10枠）に入ったことで距離ロスや展開の不利を受けるリスクがある。長岡騎手の手腕によるポジション取りがカギを握る。
20260503_KYOTO_10,セールヴォラン,11,"[{""label"": ""対抗○"", ""type"": ""good""}, {""label"": ""外枠"", ""type"": ""neutral""}]",12頭立て中、AIによる総合指数は2位（スコア: 80.6）。指数トップの馬とはわずか11.4ポイント差に迫っており、展開の綾や枠順の利で十分に逆転可能な圏内にいる。外枠（11枠）に入ったことで距離ロスや展開の不利を受けるリスクがある。幸騎手の手腕によるポジション取りがカギを握る。
20260503_KYOTO_10,タイセイディアマン,8,"[{""label"": ""過剰人気"", ""type"": ""bad""}, {""label"": ""外枠"", ""type"": ""neutral""}]",12頭立て中、AIによる総合指数は3位（スコア: 28.2）。上位馬と遜色ない能力スコアをマークしており、連軸やフォーメーションの2列目として馬券内に食い込むポテンシャルは極めて高い。単勝2.9倍と世間の人気は一本被りしているが、AIの勝率評価は0.3%と辛口。期待値の観点からは過剰人気気味であり、配当妙味を考えると少し疑ってかかりたい存在だ。外枠（8枠）に入ったことで距離ロスや展開の不利を受けるリスクがある。岩田望騎手の手腕によるポジション取りがカギを握る。
20260503_KYOTO_10,ヒラボクカレラ,7,"[{""label"": ""外枠"", ""type"": ""neutral""}]",12頭立て中、AIによる総合指数は4位（スコア: 25.1）。上位馬と遜色ない能力スコアをマークしており、連軸やフォーメーションの2列目として馬券内に食い込むポテンシャルは極めて高い。外枠（7枠）に入ったことで距離ロスや展開の不利を受けるリスクがある。浜中騎手の手腕によるポジション取りがカギを握る。
20260503_KYOTO_10,フェデラー,1,"[{""label"": ""好枠(内)"", ""type"": ""neutral""}]",12頭立て中、AIによる総合指数は5位（スコア: 21.3）。トップとの指数差が70.7とやや開いており、能力だけでねじ伏せるには厳しい。上位進出には展開の助けや極端な馬場バイアスが必要になるだろう。内枠（1枠）を引き当てたことでロスなく立ち回れるのは大きなプラス材料。鞍上の太宰騎手がいかに内を捌いて導くかが勝負の分かれ目になりそうだ。
20260503_KYOTO_10,メイショウゴールド,3,[],12頭立て中、AIによる総合指数は6位（スコア: 21.1）。トップとの指数差が70.9とやや開いており、能力だけでねじ伏せるには厳しい。上位進出には展開の助けや極端な馬場バイアスが必要になるだろう。鞍上は団野騎手が務める。極端な不利のない枠番から、馬の持ち味をどう引き出すか注目したい。
20260503_KYOTO_10,クアトロジャック,5,[],12頭立て中、AIによる総合指数は7位（スコア: 20.7）。トップとの指数差が71.3とやや開いており、能力だけでねじ伏せるには厳しい。上位進出には展開の助けや極端な馬場バイアスが必要になるだろう。鞍上は吉村騎手が務める。極端な不利のない枠番から、馬の持ち味をどう引き出すか注目したい。
20260503_KYOTO_10,ヴリトラハン,2,"[{""label"": ""好枠(内)"", ""type"": ""neutral""}]",12頭立て中、AIによる総合指数は8位（スコア: 20.5）。トップとの指数差が71.5とやや開いており、能力だけでねじ伏せるには厳しい。上位進出には展開の助けや極端な馬場バイアスが必要になるだろう。内枠（2枠）を引き当てたことでロスなく立ち回れるのは大きなプラス材料。鞍上の川田騎手がいかに内を捌いて導くかが勝負の分かれ目になりそうだ。
20260503_KYOTO_10,ペプチドクレマチス,4,[],12頭立て中、AIによる総合指数は9位（スコア: 20.3）。トップとの指数差が71.7とやや開いており、能力だけでねじ伏せるには厳しい。上位進出には展開の助けや極端な馬場バイアスが必要になるだろう。鞍上は酒井騎手が務める。極端な不利のない枠番から、馬の持ち味をどう引き出すか注目したい。
20260503_KYOTO_10,ゴイゴイスー,9,"[{""label"": ""外枠"", ""type"": ""neutral""}]",12頭立て中、AIによる総合指数は10位（スコア: 20.1）。トップとの指数差が71.9とやや開いており、能力だけでねじ伏せるには厳しい。上位進出には展開の助けや極端な馬場バイアスが必要になるだろう。外枠（9枠）に入ったことで距離ロスや展開の不利を受けるリスクがある。川須騎手の手腕によるポジション取りがカギを握る。
20260503_KYOTO_10,ジーベック,12,"[{""label"": ""外枠"", ""type"": ""neutral""}]",12頭立て中、AIによる総合指数は11位（スコア: 20.1）。トップとの指数差が71.9とやや開いており、能力だけでねじ伏せるには厳しい。上位進出には展開の助けや極端な馬場バイアスが必要になるだろう。外枠（12枠）に入ったことで距離ロスや展開の不利を受けるリスクがある。鮫島駿騎手の手腕によるポジション取りがカギを握る。
20260503_KYOTO_10,ハピアーザンエバー,6,"[{""label"": ""AI穴▲"", ""type"": ""good""}]",12頭立て中、AIによる総合指数は12位（スコア: 20.0）。トップとの指数差が72.0とやや開いており、能力だけでねじ伏せるには厳しい。上位進出には展開の助けや極端な馬場バイアスが必要になるだろう。鞍上は藤懸騎手が務める。極端な不利のない枠番から、馬の持ち味をどう引き出すか注目したい。
20260503_KYOTO_11,コロナドブリッジ,5,"[{""label"": ""AI本命◎"", ""type"": ""good""}]",12頭立て中、AIによる総合指数は1位（スコア: 92.0）。本モデルが算出した各種ファクターの中で最も高い評価を獲得しており、今回のレースにおける絶対的な中心候補だ。鞍上は松山騎手が務める。極端な不利のない枠番から、馬の持ち味をどう引き出すか注目したい。
20260503_KYOTO_11,ヴィエントデコラ,6,"[{""label"": ""対抗○"", ""type"": ""good""}]",12頭立て中、AIによる総合指数は2位（スコア: 74.0）。指数トップの馬とはわずか18.0ポイント差に迫っており、展開の綾や枠順の利で十分に逆転可能な圏内にいる。鞍上は浜中騎手が務める。極端な不利のない枠番から、馬の持ち味をどう引き出すか注目したい。
20260503_KYOTO_11,シャローファースト,8,"[{""label"": ""外枠"", ""type"": ""neutral""}]",12頭立て中、AIによる総合指数は3位（スコア: 69.8）。上位馬と遜色ない能力スコアをマークしており、連軸やフォーメーションの2列目として馬券内に食い込むポテンシャルは極めて高い。外枠（8枠）に入ったことで距離ロスや展開の不利を受けるリスクがある。菱田騎手の手腕によるポジション取りがカギを握る。
20260503_KYOTO_11,サイモンゼスト,1,"[{""label"": ""好枠(内)"", ""type"": ""neutral""}]",12頭立て中、AIによる総合指数は4位（スコア: 67.1）。上位馬と遜色ない能力スコアをマークしており、連軸やフォーメーションの2列目として馬券内に食い込むポテンシャルは極めて高い。内枠（1枠）を引き当てたことでロスなく立ち回れるのは大きなプラス材料。鞍上の酒井騎手がいかに内を捌いて導くかが勝負の分かれ目になりそうだ。
20260503_KYOTO_11,ケイアイアギト,2,"[{""label"": ""好枠(内)"", ""type"": ""neutral""}]",12頭立て中、AIによる総合指数は5位（スコア: 40.1）。トップとの指数差が51.9とやや開いており、能力だけでねじ伏せるには厳しい。上位進出には展開の助けや極端な馬場バイアスが必要になるだろう。内枠（2枠）を引き当てたことでロスなく立ち回れるのは大きなプラス材料。鞍上の鮫島駿騎手がいかに内を捌いて導くかが勝負の分かれ目になりそうだ。
20260503_KYOTO_11,メルカントゥール,11,"[{""label"": ""過剰人気"", ""type"": ""bad""}, {""label"": ""外枠"", ""type"": ""neutral""}]",12頭立て中、AIによる総合指数は6位（スコア: 22.0）。トップとの指数差が70.0とやや開いており、能力だけでねじ伏せるには厳しい。上位進出には展開の助けや極端な馬場バイアスが必要になるだろう。単勝1.9倍と世間の人気は一本被りしているが、AIの勝率評価は0.4%と辛口。期待値の観点からは過剰人気気味であり、配当妙味を考えると少し疑ってかかりたい存在だ。外枠（11枠）に入ったことで距離ロスや展開の不利を受けるリスクがある。川田騎手の手腕によるポジション取りがカギを握る。
20260503_KYOTO_11,ソルチェリア,9,"[{""label"": ""外枠"", ""type"": ""neutral""}]",12頭立て中、AIによる総合指数は7位（スコア: 21.7）。トップとの指数差が70.3とやや開いており、能力だけでねじ伏せるには厳しい。上位進出には展開の助けや極端な馬場バイアスが必要になるだろう。外枠（9枠）に入ったことで距離ロスや展開の不利を受けるリスクがある。幸騎手の手腕によるポジション取りがカギを握る。
20260503_KYOTO_11,シルバーレシオ,4,"[{""label"": ""過剰人気"", ""type"": ""bad""}]",12頭立て中、AIによる総合指数は8位（スコア: 20.9）。トップとの指数差が71.1とやや開いており、能力だけでねじ伏せるには厳しい。上位進出には展開の助けや極端な馬場バイアスが必要になるだろう。単勝2.8倍と世間の人気は一本被りしているが、AIの勝率評価は0.3%と辛口。期待値の観点からは過剰人気気味であり、配当妙味を考えると少し疑ってかかりたい存在だ。鞍上は岩田望騎手が務める。極端な不利のない枠番から、馬の持ち味をどう引き出すか注目したい。
20260503_KYOTO_11,ガウラディスコ,3,[],12頭立て中、AIによる総合指数は9位（スコア: 20.8）。トップとの指数差が71.2とやや開いており、能力だけでねじ伏せるには厳しい。上位進出には展開の助けや極端な馬場バイアスが必要になるだろう。鞍上は松若騎手が務める。極端な不利のない枠番から、馬の持ち味をどう引き出すか注目したい。
20260503_KYOTO_11,セイントエルモズ,10,"[{""label"": ""外枠"", ""type"": ""neutral""}]",12頭立て中、AIによる総合指数は10位（スコア: 20.8）。トップとの指数差が71.2とやや開いており、能力だけでねじ伏せるには厳しい。上位進出には展開の助けや極端な馬場バイアスが必要になるだろう。外枠（10枠）に入ったことで距離ロスや展開の不利を受けるリスクがある。吉村騎手の手腕によるポジション取りがカギを握る。
20260503_KYOTO_11,ストロングエース,7,"[{""label"": ""外枠"", ""type"": ""neutral""}]",12頭立て中、AIによる総合指数は11位（スコア: 20.4）。トップとの指数差が71.6とやや開いており、能力だけでねじ伏せるには厳しい。上位進出には展開の助けや極端な馬場バイアスが必要になるだろう。外枠（7枠）に入ったことで距離ロスや展開の不利を受けるリスクがある。秋山稔騎手の手腕によるポジション取りがカギを握る。
20260503_KYOTO_11,デールエルバハリ,12,"[{""label"": ""外枠"", ""type"": ""neutral""}]",12頭立て中、AIによる総合指数は12位（スコア: 20.0）。トップとの指数差が72.0とやや開いており、能力だけでねじ伏せるには厳しい。上位進出には展開の助けや極端な馬場バイアスが必要になるだろう。外枠（12枠）に入ったことで距離ロスや展開の不利を受けるリスクがある。Mデムーロ騎手の手腕によるポジション取りがカギを握る。
20260503_KYOTO_12,レフィナード,10,"[{""label"": ""AI本命◎"", ""type"": ""good""}]",10頭立て中、AIによる総合指数は1位（スコア: 92.0）。本モデルが算出した各種ファクターの中で最も高い評価を獲得しており、今回のレースにおける絶対的な中心候補だ。鞍上は岩部騎手が務める。極端な不利のない枠番から、馬の持ち味をどう引き出すか注目したい。
20260503_KYOTO_12,ベールノエル,9,"[{""label"": ""対抗○"", ""type"": ""good""}]",10頭立て中、AIによる総合指数は2位（スコア: 42.6）。指数トップの馬とはわずか49.4ポイント差に迫っており、展開の綾や枠順の利で十分に逆転可能な圏内にいる。鞍上は北村友騎手が務める。極端な不利のない枠番から、馬の持ち味をどう引き出すか注目したい。
20260503_KYOTO_12,ヤエギリ,5,"[{""label"": ""過剰人気"", ""type"": ""bad""}]",10頭立て中、AIによる総合指数は3位（スコア: 33.9）。上位馬と遜色ない能力スコアをマークしており、連軸やフォーメーションの2列目として馬券内に食い込むポテンシャルは極めて高い。単勝2.1倍と世間の人気は一本被りしているが、AIの勝率評価は0.4%と辛口。期待値の観点からは過剰人気気味であり、配当妙味を考えると少し疑ってかかりたい存在だ。鞍上は川田騎手が務める。極端な不利のない枠番から、馬の持ち味をどう引き出すか注目したい。
20260503_KYOTO_12,ミッキースターダム,4,[],10頭立て中、AIによる総合指数は4位（スコア: 25.1）。上位馬と遜色ない能力スコアをマークしており、連軸やフォーメーションの2列目として馬券内に食い込むポテンシャルは極めて高い。鞍上は鮫島駿騎手が務める。極端な不利のない枠番から、馬の持ち味をどう引き出すか注目したい。
20260503_KYOTO_12,ムーンライトラガー,1,[],10頭立て中、AIによる総合指数は5位（スコア: 23.3）。トップとの指数差が68.7とやや開いており、能力だけでねじ伏せるには厳しい。上位進出には展開の助けや極端な馬場バイアスが必要になるだろう。内枠（1枠）を引き当てたことでロスなく立ち回れるのは大きなプラス材料。鞍上の池添騎手がいかに内を捌いて導くかが勝負の分かれ目になりそうだ。
20260503_KYOTO_12,ダノンクロム,6,[],10頭立て中、AIによる総合指数は6位（スコア: 23.1）。トップとの指数差が68.9とやや開いており、能力だけでねじ伏せるには厳しい。上位進出には展開の助けや極端な馬場バイアスが必要になるだろう。鞍上は松山騎手が務める。極端な不利のない枠番から、馬の持ち味をどう引き出すか注目したい。
20260503_KYOTO_12,ジェゼロ,7,[],10頭立て中、AIによる総合指数は7位（スコア: 22.3）。トップとの指数差が69.7とやや開いており、能力だけでねじ伏せるには厳しい。上位進出には展開の助けや極端な馬場バイアスが必要になるだろう。鞍上は団野騎手が務める。極端な不利のない枠番から、馬の持ち味をどう引き出すか注目したい。
20260503_KYOTO_12,ギザキズラヴ,3,[],10頭立て中、AIによる総合指数は8位（スコア: 21.7）。トップとの指数差が70.3とやや開いており、能力だけでねじ伏せるには厳しい。上位進出には展開の助けや極端な馬場バイアスが必要になるだろう。鞍上はMデムーロ騎手が務める。極端な不利のない枠番から、馬の持ち味をどう引き出すか注目したい。
20260503_KYOTO_12,ウインラウダ,2,"[{""label"": ""AI穴▲"", ""type"": ""good""}]",10頭立て中、AIによる総合指数は9位（スコア: 21.3）。トップとの指数差が70.7とやや開いており、能力だけでねじ伏せるには厳しい。上位進出には展開の助けや極端な馬場バイアスが必要になるだろう。内枠（2枠）を引き当てたことでロスなく立ち回れるのは大きなプラス材料。鞍上の岩田望騎手がいかに内を捌いて導くかが勝負の分かれ目になりそうだ。
20260503_KYOTO_12,ピコラ,8,[],10頭立て中、AIによる総合指数は10位（スコア: 20.0）。トップとの指数差が72.0とやや開いており、能力だけでねじ伏せるには厳しい。上位進出には展開の助けや極端な馬場バイアスが必要になるだろう。鞍上は国分優騎手が務める。極端な不利のない枠番から、馬の持ち味をどう引き出すか注目したい。
